domain,agent,classification,allowed,rule_source,matched_rule_directive,matched_rule_path,robots_url,robots_status,robots_error
7-eleven.com,GPTBot,Wildcard Rule (Allowed),True,wildcard,,,https://www.7-eleven.com/robots.txt,200,
7-eleven.com,ClaudeBot,Wildcard Rule (Allowed),True,wildcard,,,https://www.7-eleven.com/robots.txt,200,
7-eleven.com,Google-Extended,Wildcard Rule (Allowed),True,wildcard,,,https://www.7-eleven.com/robots.txt,200,
7-eleven.com,CCBot,Wildcard Rule (Allowed),True,wildcard,,,https://www.7-eleven.com/robots.txt,200,
7-eleven.com,Amazonbot,Wildcard Rule (Allowed),True,wildcard,,,https://www.7-eleven.com/robots.txt,200,
7-eleven.com,Applebot-Extended,Wildcard Rule (Allowed),True,wildcard,,,https://www.7-eleven.com/robots.txt,200,
7-eleven.com,Bytespider,Wildcard Rule (Allowed),True,wildcard,,,https://www.7-eleven.com/robots.txt,200,
7-eleven.com,FacebookBot,Wildcard Rule (Allowed),True,wildcard,,,https://www.7-eleven.com/robots.txt,200,
7-eleven.com,meta-externalagent,Wildcard Rule (Allowed),True,wildcard,,,https://www.7-eleven.com/robots.txt,200,
7-eleven.com,OAI-SearchBot,Wildcard Rule (Allowed),True,wildcard,,,https://www.7-eleven.com/robots.txt,200,
7-eleven.com,Claude-SearchBot,Wildcard Rule (Allowed),True,wildcard,,,https://www.7-eleven.com/robots.txt,200,
7-eleven.com,PerplexityBot,Wildcard Rule (Allowed),True,wildcard,,,https://www.7-eleven.com/robots.txt,200,
7-eleven.com,YouBot,Wildcard Rule (Allowed),True,wildcard,,,https://www.7-eleven.com/robots.txt,200,
7-eleven.com,ChatGPT-User,Wildcard Rule (Allowed),True,wildcard,,,https://www.7-eleven.com/robots.txt,200,
7-eleven.com,Claude-User,Wildcard Rule (Allowed),True,wildcard,,,https://www.7-eleven.com/robots.txt,200,
aholddelhaize.com,GPTBot,Wildcard Rule (Allowed),True,wildcard,allow,/,https://aholddelhaize.com/robots.txt,200,
aholddelhaize.com,ClaudeBot,Wildcard Rule (Allowed),True,wildcard,allow,/,https://aholddelhaize.com/robots.txt,200,
aholddelhaize.com,Google-Extended,Wildcard Rule (Allowed),True,wildcard,allow,/,https://aholddelhaize.com/robots.txt,200,
aholddelhaize.com,CCBot,Wildcard Rule (Allowed),True,wildcard,allow,/,https://aholddelhaize.com/robots.txt,200,
aholddelhaize.com,Amazonbot,Wildcard Rule (Allowed),True,wildcard,allow,/,https://aholddelhaize.com/robots.txt,200,
aholddelhaize.com,Applebot-Extended,Wildcard Rule (Allowed),True,wildcard,allow,/,https://aholddelhaize.com/robots.txt,200,
aholddelhaize.com,Bytespider,Wildcard Rule (Allowed),True,wildcard,allow,/,https://aholddelhaize.com/robots.txt,200,
aholddelhaize.com,FacebookBot,Wildcard Rule (Allowed),True,wildcard,allow,/,https://aholddelhaize.com/robots.txt,200,
aholddelhaize.com,meta-externalagent,Wildcard Rule (Allowed),True,wildcard,allow,/,https://aholddelhaize.com/robots.txt,200,
aholddelhaize.com,OAI-SearchBot,Wildcard Rule (Allowed),True,wildcard,allow,/,https://aholddelhaize.com/robots.txt,200,
aholddelhaize.com,Claude-SearchBot,Wildcard Rule (Allowed),True,wildcard,allow,/,https://aholddelhaize.com/robots.txt,200,
aholddelhaize.com,PerplexityBot,Wildcard Rule (Allowed),True,wildcard,allow,/,https://aholddelhaize.com/robots.txt,200,
aholddelhaize.com,YouBot,Wildcard Rule (Allowed),True,wildcard,allow,/,https://aholddelhaize.com/robots.txt,200,
aholddelhaize.com,ChatGPT-User,Wildcard Rule (Allowed),True,wildcard,allow,/,https://aholddelhaize.com/robots.txt,200,
aholddelhaize.com,Claude-User,Wildcard Rule (Allowed),True,wildcard,allow,/,https://aholddelhaize.com/robots.txt,200,
albertsons.com,GPTBot,No Matching Rules (Implicitly Allowed),True,none,,,https://www.albertsons.com/robots.txt,403,
albertsons.com,ClaudeBot,No Matching Rules (Implicitly Allowed),True,none,,,https://www.albertsons.com/robots.txt,403,
albertsons.com,Google-Extended,No Matching Rules (Implicitly Allowed),True,none,,,https://www.albertsons.com/robots.txt,403,
albertsons.com,CCBot,No Matching Rules (Implicitly Allowed),True,none,,,https://www.albertsons.com/robots.txt,403,
albertsons.com,Amazonbot,No Matching Rules (Implicitly Allowed),True,none,,,https://www.albertsons.com/robots.txt,403,
albertsons.com,Applebot-Extended,No Matching Rules (Implicitly Allowed),True,none,,,https://www.albertsons.com/robots.txt,403,
albertsons.com,Bytespider,No Matching Rules (Implicitly Allowed),True,none,,,https://www.albertsons.com/robots.txt,403,
albertsons.com,FacebookBot,No Matching Rules (Implicitly Allowed),True,none,,,https://www.albertsons.com/robots.txt,403,
albertsons.com,meta-externalagent,No Matching Rules (Implicitly Allowed),True,none,,,https://www.albertsons.com/robots.txt,403,
albertsons.com,OAI-SearchBot,No Matching Rules (Implicitly Allowed),True,none,,,https://www.albertsons.com/robots.txt,403,
albertsons.com,Claude-SearchBot,No Matching Rules (Implicitly Allowed),True,none,,,https://www.albertsons.com/robots.txt,403,
albertsons.com,PerplexityBot,No Matching Rules (Implicitly Allowed),True,none,,,https://www.albertsons.com/robots.txt,403,
albertsons.com,YouBot,No Matching Rules (Implicitly Allowed),True,none,,,https://www.albertsons.com/robots.txt,403,
albertsons.com,ChatGPT-User,No Matching Rules (Implicitly Allowed),True,none,,,https://www.albertsons.com/robots.txt,403,
albertsons.com,Claude-User,No Matching Rules (Implicitly Allowed),True,none,,,https://www.albertsons.com/robots.txt,403,
amazon.com,GPTBot,Explicitly Blocked,False,explicit,disallow,/,https://www.amazon.com/robots.txt,200,
amazon.com,ClaudeBot,Explicitly Blocked,False,explicit,disallow,/,https://www.amazon.com/robots.txt,200,
amazon.com,Google-Extended,Explicitly Blocked,False,explicit,disallow,/,https://www.amazon.com/robots.txt,200,
amazon.com,CCBot,Explicitly Blocked,False,explicit,disallow,/,https://www.amazon.com/robots.txt,200,
amazon.com,Amazonbot,Wildcard Rule (Allowed),True,wildcard,,,https://www.amazon.com/robots.txt,200,
amazon.com,Applebot-Extended,Wildcard Rule (Allowed),True,wildcard,,,https://www.amazon.com/robots.txt,200,
amazon.com,Bytespider,Explicitly Blocked,False,explicit,disallow,/,https://www.amazon.com/robots.txt,200,
amazon.com,FacebookBot,Wildcard Rule (Allowed),True,wildcard,,,https://www.amazon.com/robots.txt,200,
amazon.com,meta-externalagent,Explicitly Blocked,False,explicit,disallow,/,https://www.amazon.com/robots.txt,200,
amazon.com,OAI-SearchBot,Explicitly Blocked,False,explicit,disallow,/,https://www.amazon.com/robots.txt,200,
amazon.com,Claude-SearchBot,Explicitly Blocked,False,explicit,disallow,/,https://www.amazon.com/robots.txt,200,
amazon.com,PerplexityBot,Explicitly Blocked,False,explicit,disallow,/,https://www.amazon.com/robots.txt,200,
amazon.com,YouBot,Explicitly Blocked,False,explicit,disallow,/,https://www.amazon.com/robots.txt,200,
amazon.com,ChatGPT-User,Explicitly Blocked,False,explicit,disallow,/,https://www.amazon.com/robots.txt,200,
amazon.com,Claude-User,Explicitly Blocked,False,explicit,disallow,/,https://www.amazon.com/robots.txt,200,
belk.com,GPTBot,No Matching Rules (Implicitly Allowed),True,none,,,https://belk.com/robots.txt,403,
belk.com,ClaudeBot,No Matching Rules (Implicitly Allowed),True,none,,,https://belk.com/robots.txt,403,
belk.com,Google-Extended,No Matching Rules (Implicitly Allowed),True,none,,,https://belk.com/robots.txt,403,
belk.com,CCBot,No Matching Rules (Implicitly Allowed),True,none,,,https://belk.com/robots.txt,403,
belk.com,Amazonbot,No Matching Rules (Implicitly Allowed),True,none,,,https://belk.com/robots.txt,403,
belk.com,Applebot-Extended,No Matching Rules (Implicitly Allowed),True,none,,,https://belk.com/robots.txt,403,
belk.com,Bytespider,No Matching Rules (Implicitly Allowed),True,none,,,https://belk.com/robots.txt,403,
belk.com,FacebookBot,No Matching Rules (Implicitly Allowed),True,none,,,https://belk.com/robots.txt,403,
belk.com,meta-externalagent,No Matching Rules (Implicitly Allowed),True,none,,,https://belk.com/robots.txt,403,
belk.com,OAI-SearchBot,No Matching Rules (Implicitly Allowed),True,none,,,https://belk.com/robots.txt,403,
belk.com,Claude-SearchBot,No Matching Rules (Implicitly Allowed),True,none,,,https://belk.com/robots.txt,403,
belk.com,PerplexityBot,No Matching Rules (Implicitly Allowed),True,none,,,https://belk.com/robots.txt,403,
belk.com,YouBot,No Matching Rules (Implicitly Allowed),True,none,,,https://belk.com/robots.txt,403,
belk.com,ChatGPT-User,No Matching Rules (Implicitly Allowed),True,none,,,https://belk.com/robots.txt,403,
belk.com,Claude-User,No Matching Rules (Implicitly Allowed),True,none,,,https://belk.com/robots.txt,403,
bestbuy.com,GPTBot,Wildcard Rule (Allowed),True,wildcard,,,https://www.bestbuy.com/robots.txt,200,
bestbuy.com,ClaudeBot,Wildcard Rule (Allowed),True,wildcard,,,https://www.bestbuy.com/robots.txt,200,
bestbuy.com,Google-Extended,Wildcard Rule (Allowed),True,wildcard,,,https://www.bestbuy.com/robots.txt,200,
bestbuy.com,CCBot,Wildcard Rule (Allowed),True,wildcard,,,https://www.bestbuy.com/robots.txt,200,
bestbuy.com,Amazonbot,Wildcard Rule (Allowed),True,wildcard,,,https://www.bestbuy.com/robots.txt,200,
bestbuy.com,Applebot-Extended,Wildcard Rule (Allowed),True,wildcard,,,https://www.bestbuy.com/robots.txt,200,
bestbuy.com,Bytespider,Wildcard Rule (Allowed),True,wildcard,,,https://www.bestbuy.com/robots.txt,200,
bestbuy.com,FacebookBot,Wildcard Rule (Allowed),True,wildcard,,,https://www.bestbuy.com/robots.txt,200,
bestbuy.com,meta-externalagent,Wildcard Rule (Allowed),True,wildcard,,,https://www.bestbuy.com/robots.txt,200,
bestbuy.com,OAI-SearchBot,Wildcard Rule (Allowed),True,wildcard,,,https://www.bestbuy.com/robots.txt,200,
bestbuy.com,Claude-SearchBot,Wildcard Rule (Allowed),True,wildcard,,,https://www.bestbuy.com/robots.txt,200,
bestbuy.com,PerplexityBot,Wildcard Rule (Allowed),True,wildcard,,,https://www.bestbuy.com/robots.txt,200,
bestbuy.com,YouBot,Wildcard Rule (Allowed),True,wildcard,,,https://www.bestbuy.com/robots.txt,200,
bestbuy.com,ChatGPT-User,Wildcard Rule (Allowed),True,wildcard,,,https://www.bestbuy.com/robots.txt,200,
bestbuy.com,Claude-User,Wildcard Rule (Allowed),True,wildcard,,,https://www.bestbuy.com/robots.txt,200,
bloomingdales.com,GPTBot,No Matching Rules (Implicitly Allowed),True,none,,,https://www.bloomingdales.com/robots.txt,403,
bloomingdales.com,ClaudeBot,No Matching Rules (Implicitly Allowed),True,none,,,https://www.bloomingdales.com/robots.txt,403,
bloomingdales.com,Google-Extended,No Matching Rules (Implicitly Allowed),True,none,,,https://www.bloomingdales.com/robots.txt,403,
bloomingdales.com,CCBot,No Matching Rules (Implicitly Allowed),True,none,,,https://www.bloomingdales.com/robots.txt,403,
bloomingdales.com,Amazonbot,No Matching Rules (Implicitly Allowed),True,none,,,https://www.bloomingdales.com/robots.txt,403,
bloomingdales.com,Applebot-Extended,No Matching Rules (Implicitly Allowed),True,none,,,https://www.bloomingdales.com/robots.txt,403,
bloomingdales.com,Bytespider,No Matching Rules (Implicitly Allowed),True,none,,,https://www.bloomingdales.com/robots.txt,403,
bloomingdales.com,FacebookBot,No Matching Rules (Implicitly Allowed),True,none,,,https://www.bloomingdales.com/robots.txt,403,
bloomingdales.com,meta-externalagent,No Matching Rules (Implicitly Allowed),True,none,,,https://www.bloomingdales.com/robots.txt,403,
bloomingdales.com,OAI-SearchBot,No Matching Rules (Implicitly Allowed),True,none,,,https://www.bloomingdales.com/robots.txt,403,
bloomingdales.com,Claude-SearchBot,No Matching Rules (Implicitly Allowed),True,none,,,https://www.bloomingdales.com/robots.txt,403,
bloomingdales.com,PerplexityBot,No Matching Rules (Implicitly Allowed),True,none,,,https://www.bloomingdales.com/robots.txt,403,
bloomingdales.com,YouBot,No Matching Rules (Implicitly Allowed),True,none,,,https://www.bloomingdales.com/robots.txt,403,
bloomingdales.com,ChatGPT-User,No Matching Rules (Implicitly Allowed),True,none,,,https://www.bloomingdales.com/robots.txt,403,
bloomingdales.com,Claude-User,No Matching Rules (Implicitly Allowed),True,none,,,https://www.bloomingdales.com/robots.txt,403,
caseys.com,GPTBot,No Matching Rules (Implicitly Allowed),True,none,,,https://caseys.com/robots.txt,403,
caseys.com,ClaudeBot,No Matching Rules (Implicitly Allowed),True,none,,,https://caseys.com/robots.txt,403,
caseys.com,Google-Extended,No Matching Rules (Implicitly Allowed),True,none,,,https://caseys.com/robots.txt,403,
caseys.com,CCBot,No Matching Rules (Implicitly Allowed),True,none,,,https://caseys.com/robots.txt,403,
caseys.com,Amazonbot,No Matching Rules (Implicitly Allowed),True,none,,,https://caseys.com/robots.txt,403,
caseys.com,Applebot-Extended,No Matching Rules (Implicitly Allowed),True,none,,,https://caseys.com/robots.txt,403,
caseys.com,Bytespider,No Matching Rules (Implicitly Allowed),True,none,,,https://caseys.com/robots.txt,403,
caseys.com,FacebookBot,No Matching Rules (Implicitly Allowed),True,none,,,https://caseys.com/robots.txt,403,
caseys.com,meta-externalagent,No Matching Rules (Implicitly Allowed),True,none,,,https://caseys.com/robots.txt,403,
caseys.com,OAI-SearchBot,No Matching Rules (Implicitly Allowed),True,none,,,https://caseys.com/robots.txt,403,
caseys.com,Claude-SearchBot,No Matching Rules (Implicitly Allowed),True,none,,,https://caseys.com/robots.txt,403,
caseys.com,PerplexityBot,No Matching Rules (Implicitly Allowed),True,none,,,https://caseys.com/robots.txt,403,
caseys.com,YouBot,No Matching Rules (Implicitly Allowed),True,none,,,https://caseys.com/robots.txt,403,
caseys.com,ChatGPT-User,No Matching Rules (Implicitly Allowed),True,none,,,https://caseys.com/robots.txt,403,
caseys.com,Claude-User,No Matching Rules (Implicitly Allowed),True,none,,,https://caseys.com/robots.txt,403,
chewy.com,GPTBot,Wildcard Rule (Allowed),True,wildcard,,,https://www.chewy.com/robots.txt,200,
chewy.com,ClaudeBot,Wildcard Rule (Allowed),True,wildcard,,,https://www.chewy.com/robots.txt,200,
chewy.com,Google-Extended,Wildcard Rule (Allowed),True,wildcard,,,https://www.chewy.com/robots.txt,200,
chewy.com,CCBot,Wildcard Rule (Allowed),True,wildcard,,,https://www.chewy.com/robots.txt,200,
chewy.com,Amazonbot,Explicitly Blocked,False,explicit,disallow,/,https://www.chewy.com/robots.txt,200,
chewy.com,Applebot-Extended,Wildcard Rule (Allowed),True,wildcard,,,https://www.chewy.com/robots.txt,200,
chewy.com,Bytespider,Wildcard Rule (Allowed),True,wildcard,,,https://www.chewy.com/robots.txt,200,
chewy.com,FacebookBot,Wildcard Rule (Allowed),True,wildcard,,,https://www.chewy.com/robots.txt,200,
chewy.com,meta-externalagent,Wildcard Rule (Allowed),True,wildcard,,,https://www.chewy.com/robots.txt,200,
chewy.com,OAI-SearchBot,Wildcard Rule (Allowed),True,wildcard,,,https://www.chewy.com/robots.txt,200,
chewy.com,Claude-SearchBot,Wildcard Rule (Allowed),True,wildcard,,,https://www.chewy.com/robots.txt,200,
chewy.com,PerplexityBot,Wildcard Rule (Allowed),True,wildcard,,,https://www.chewy.com/robots.txt,200,
chewy.com,YouBot,Wildcard Rule (Allowed),True,wildcard,,,https://www.chewy.com/robots.txt,200,
chewy.com,ChatGPT-User,Wildcard Rule (Allowed),True,wildcard,,,https://www.chewy.com/robots.txt,200,
chewy.com,Claude-User,Wildcard Rule (Allowed),True,wildcard,,,https://www.chewy.com/robots.txt,200,
costco.com,GPTBot,No Matching Rules (Implicitly Allowed),True,none,,,https://www.costco.com/robots.txt,403,
costco.com,ClaudeBot,No Matching Rules (Implicitly Allowed),True,none,,,https://www.costco.com/robots.txt,403,
costco.com,Google-Extended,No Matching Rules (Implicitly Allowed),True,none,,,https://www.costco.com/robots.txt,403,
costco.com,CCBot,No Matching Rules (Implicitly Allowed),True,none,,,https://www.costco.com/robots.txt,403,
costco.com,Amazonbot,No Matching Rules (Implicitly Allowed),True,none,,,https://www.costco.com/robots.txt,403,
costco.com,Applebot-Extended,No Matching Rules (Implicitly Allowed),True,none,,,https://www.costco.com/robots.txt,403,
costco.com,Bytespider,No Matching Rules (Implicitly Allowed),True,none,,,https://www.costco.com/robots.txt,403,
costco.com,FacebookBot,No Matching Rules (Implicitly Allowed),True,none,,,https://www.costco.com/robots.txt,403,
costco.com,meta-externalagent,No Matching Rules (Implicitly Allowed),True,none,,,https://www.costco.com/robots.txt,403,
costco.com,OAI-SearchBot,No Matching Rules (Implicitly Allowed),True,none,,,https://www.costco.com/robots.txt,403,
costco.com,Claude-SearchBot,No Matching Rules (Implicitly Allowed),True,none,,,https://www.costco.com/robots.txt,403,
costco.com,PerplexityBot,No Matching Rules (Implicitly Allowed),True,none,,,https://www.costco.com/robots.txt,403,
costco.com,YouBot,No Matching Rules (Implicitly Allowed),True,none,,,https://www.costco.com/robots.txt,403,
costco.com,ChatGPT-User,No Matching Rules (Implicitly Allowed),True,none,,,https://www.costco.com/robots.txt,403,
costco.com,Claude-User,No Matching Rules (Implicitly Allowed),True,none,,,https://www.costco.com/robots.txt,403,
cvs.com,GPTBot,No Matching Rules (Implicitly Allowed),True,none,,,https://www.cvs.com/robots.txt,403,
cvs.com,ClaudeBot,No Matching Rules (Implicitly Allowed),True,none,,,https://www.cvs.com/robots.txt,403,
cvs.com,Google-Extended,No Matching Rules (Implicitly Allowed),True,none,,,https://www.cvs.com/robots.txt,403,
cvs.com,CCBot,No Matching Rules (Implicitly Allowed),True,none,,,https://www.cvs.com/robots.txt,403,
cvs.com,Amazonbot,No Matching Rules (Implicitly Allowed),True,none,,,https://www.cvs.com/robots.txt,403,
cvs.com,Applebot-Extended,No Matching Rules (Implicitly Allowed),True,none,,,https://www.cvs.com/robots.txt,403,
cvs.com,Bytespider,No Matching Rules (Implicitly Allowed),True,none,,,https://www.cvs.com/robots.txt,403,
cvs.com,FacebookBot,No Matching Rules (Implicitly Allowed),True,none,,,https://www.cvs.com/robots.txt,403,
cvs.com,meta-externalagent,No Matching Rules (Implicitly Allowed),True,none,,,https://www.cvs.com/robots.txt,403,
cvs.com,OAI-SearchBot,No Matching Rules (Implicitly Allowed),True,none,,,https://www.cvs.com/robots.txt,403,
cvs.com,Claude-SearchBot,No Matching Rules (Implicitly Allowed),True,none,,,https://www.cvs.com/robots.txt,403,
cvs.com,PerplexityBot,No Matching Rules (Implicitly Allowed),True,none,,,https://www.cvs.com/robots.txt,403,
cvs.com,YouBot,No Matching Rules (Implicitly Allowed),True,none,,,https://www.cvs.com/robots.txt,403,
cvs.com,ChatGPT-User,No Matching Rules (Implicitly Allowed),True,none,,,https://www.cvs.com/robots.txt,403,
cvs.com,Claude-User,No Matching Rules (Implicitly Allowed),True,none,,,https://www.cvs.com/robots.txt,403,
dickssportinggoods.com,GPTBot,No Matching Rules (Implicitly Allowed),True,none,,,https://dickssportinggoods.com/robots.txt,0,"ReadTimeout: HTTPConnectionPool(host='dickssportinggoods.com', port=80): Read timed out. (read timeout=15.0)"
dickssportinggoods.com,ClaudeBot,No Matching Rules (Implicitly Allowed),True,none,,,https://dickssportinggoods.com/robots.txt,0,"ReadTimeout: HTTPConnectionPool(host='dickssportinggoods.com', port=80): Read timed out. (read timeout=15.0)"
dickssportinggoods.com,Google-Extended,No Matching Rules (Implicitly Allowed),True,none,,,https://dickssportinggoods.com/robots.txt,0,"ReadTimeout: HTTPConnectionPool(host='dickssportinggoods.com', port=80): Read timed out. (read timeout=15.0)"
dickssportinggoods.com,CCBot,No Matching Rules (Implicitly Allowed),True,none,,,https://dickssportinggoods.com/robots.txt,0,"ReadTimeout: HTTPConnectionPool(host='dickssportinggoods.com', port=80): Read timed out. (read timeout=15.0)"
dickssportinggoods.com,Amazonbot,No Matching Rules (Implicitly Allowed),True,none,,,https://dickssportinggoods.com/robots.txt,0,"ReadTimeout: HTTPConnectionPool(host='dickssportinggoods.com', port=80): Read timed out. (read timeout=15.0)"
dickssportinggoods.com,Applebot-Extended,No Matching Rules (Implicitly Allowed),True,none,,,https://dickssportinggoods.com/robots.txt,0,"ReadTimeout: HTTPConnectionPool(host='dickssportinggoods.com', port=80): Read timed out. (read timeout=15.0)"
dickssportinggoods.com,Bytespider,No Matching Rules (Implicitly Allowed),True,none,,,https://dickssportinggoods.com/robots.txt,0,"ReadTimeout: HTTPConnectionPool(host='dickssportinggoods.com', port=80): Read timed out. (read timeout=15.0)"
dickssportinggoods.com,FacebookBot,No Matching Rules (Implicitly Allowed),True,none,,,https://dickssportinggoods.com/robots.txt,0,"ReadTimeout: HTTPConnectionPool(host='dickssportinggoods.com', port=80): Read timed out. (read timeout=15.0)"
dickssportinggoods.com,meta-externalagent,No Matching Rules (Implicitly Allowed),True,none,,,https://dickssportinggoods.com/robots.txt,0,"ReadTimeout: HTTPConnectionPool(host='dickssportinggoods.com', port=80): Read timed out. (read timeout=15.0)"
dickssportinggoods.com,OAI-SearchBot,No Matching Rules (Implicitly Allowed),True,none,,,https://dickssportinggoods.com/robots.txt,0,"ReadTimeout: HTTPConnectionPool(host='dickssportinggoods.com', port=80): Read timed out. (read timeout=15.0)"
dickssportinggoods.com,Claude-SearchBot,No Matching Rules (Implicitly Allowed),True,none,,,https://dickssportinggoods.com/robots.txt,0,"ReadTimeout: HTTPConnectionPool(host='dickssportinggoods.com', port=80): Read timed out. (read timeout=15.0)"
dickssportinggoods.com,PerplexityBot,No Matching Rules (Implicitly Allowed),True,none,,,https://dickssportinggoods.com/robots.txt,0,"ReadTimeout: HTTPConnectionPool(host='dickssportinggoods.com', port=80): Read timed out. (read timeout=15.0)"
dickssportinggoods.com,YouBot,No Matching Rules (Implicitly Allowed),True,none,,,https://dickssportinggoods.com/robots.txt,0,"ReadTimeout: HTTPConnectionPool(host='dickssportinggoods.com', port=80): Read timed out. (read timeout=15.0)"
dickssportinggoods.com,ChatGPT-User,No Matching Rules (Implicitly Allowed),True,none,,,https://dickssportinggoods.com/robots.txt,0,"ReadTimeout: HTTPConnectionPool(host='dickssportinggoods.com', port=80): Read timed out. (read timeout=15.0)"
dickssportinggoods.com,Claude-User,No Matching Rules (Implicitly Allowed),True,none,,,https://dickssportinggoods.com/robots.txt,0,"ReadTimeout: HTTPConnectionPool(host='dickssportinggoods.com', port=80): Read timed out. (read timeout=15.0)"
dollargeneral.com,GPTBot,No Matching Rules (Implicitly Allowed),True,none,,,https://www.dollargeneral.com/robots.txt,403,
dollargeneral.com,ClaudeBot,No Matching Rules (Implicitly Allowed),True,none,,,https://www.dollargeneral.com/robots.txt,403,
dollargeneral.com,Google-Extended,No Matching Rules (Implicitly Allowed),True,none,,,https://www.dollargeneral.com/robots.txt,403,
dollargeneral.com,CCBot,No Matching Rules (Implicitly Allowed),True,none,,,https://www.dollargeneral.com/robots.txt,403,
dollargeneral.com,Amazonbot,No Matching Rules (Implicitly Allowed),True,none,,,https://www.dollargeneral.com/robots.txt,403,
dollargeneral.com,Applebot-Extended,No Matching Rules (Implicitly Allowed),True,none,,,https://www.dollargeneral.com/robots.txt,403,
dollargeneral.com,Bytespider,No Matching Rules (Implicitly Allowed),True,none,,,https://www.dollargeneral.com/robots.txt,403,
dollargeneral.com,FacebookBot,No Matching Rules (Implicitly Allowed),True,none,,,https://www.dollargeneral.com/robots.txt,403,
dollargeneral.com,meta-externalagent,No Matching Rules (Implicitly Allowed),True,none,,,https://www.dollargeneral.com/robots.txt,403,
dollargeneral.com,OAI-SearchBot,No Matching Rules (Implicitly Allowed),True,none,,,https://www.dollargeneral.com/robots.txt,403,
dollargeneral.com,Claude-SearchBot,No Matching Rules (Implicitly Allowed),True,none,,,https://www.dollargeneral.com/robots.txt,403,
dollargeneral.com,PerplexityBot,No Matching Rules (Implicitly Allowed),True,none,,,https://www.dollargeneral.com/robots.txt,403,
dollargeneral.com,YouBot,No Matching Rules (Implicitly Allowed),True,none,,,https://www.dollargeneral.com/robots.txt,403,
dollargeneral.com,ChatGPT-User,No Matching Rules (Implicitly Allowed),True,none,,,https://www.dollargeneral.com/robots.txt,403,
dollargeneral.com,Claude-User,No Matching Rules (Implicitly Allowed),True,none,,,https://www.dollargeneral.com/robots.txt,403,
dollartree.com,GPTBot,No Matching Rules (Implicitly Allowed),True,none,,,https://www.dollartree.com/robots.txt,403,
dollartree.com,ClaudeBot,No Matching Rules (Implicitly Allowed),True,none,,,https://www.dollartree.com/robots.txt,403,
dollartree.com,Google-Extended,No Matching Rules (Implicitly Allowed),True,none,,,https://www.dollartree.com/robots.txt,403,
dollartree.com,CCBot,No Matching Rules (Implicitly Allowed),True,none,,,https://www.dollartree.com/robots.txt,403,
dollartree.com,Amazonbot,No Matching Rules (Implicitly Allowed),True,none,,,https://www.dollartree.com/robots.txt,403,
dollartree.com,Applebot-Extended,No Matching Rules (Implicitly Allowed),True,none,,,https://www.dollartree.com/robots.txt,403,
dollartree.com,Bytespider,No Matching Rules (Implicitly Allowed),True,none,,,https://www.dollartree.com/robots.txt,403,
dollartree.com,FacebookBot,No Matching Rules (Implicitly Allowed),True,none,,,https://www.dollartree.com/robots.txt,403,
dollartree.com,meta-externalagent,No Matching Rules (Implicitly Allowed),True,none,,,https://www.dollartree.com/robots.txt,403,
dollartree.com,OAI-SearchBot,No Matching Rules (Implicitly Allowed),True,none,,,https://www.dollartree.com/robots.txt,403,
dollartree.com,Claude-SearchBot,No Matching Rules (Implicitly Allowed),True,none,,,https://www.dollartree.com/robots.txt,403,
dollartree.com,PerplexityBot,No Matching Rules (Implicitly Allowed),True,none,,,https://www.dollartree.com/robots.txt,403,
dollartree.com,YouBot,No Matching Rules (Implicitly Allowed),True,none,,,https://www.dollartree.com/robots.txt,403,
dollartree.com,ChatGPT-User,No Matching Rules (Implicitly Allowed),True,none,,,https://www.dollartree.com/robots.txt,403,
dollartree.com,Claude-User,No Matching Rules (Implicitly Allowed),True,none,,,https://www.dollartree.com/robots.txt,403,
doordash.com,GPTBot,No Matching Rules (Implicitly Allowed),True,none,,,https://doordash.com/robots.txt,403,
doordash.com,ClaudeBot,No Matching Rules (Implicitly Allowed),True,none,,,https://doordash.com/robots.txt,403,
doordash.com,Google-Extended,No Matching Rules (Implicitly Allowed),True,none,,,https://doordash.com/robots.txt,403,
doordash.com,CCBot,No Matching Rules (Implicitly Allowed),True,none,,,https://doordash.com/robots.txt,403,
doordash.com,Amazonbot,No Matching Rules (Implicitly Allowed),True,none,,,https://doordash.com/robots.txt,403,
doordash.com,Applebot-Extended,No Matching Rules (Implicitly Allowed),True,none,,,https://doordash.com/robots.txt,403,
doordash.com,Bytespider,No Matching Rules (Implicitly Allowed),True,none,,,https://doordash.com/robots.txt,403,
doordash.com,FacebookBot,No Matching Rules (Implicitly Allowed),True,none,,,https://doordash.com/robots.txt,403,
doordash.com,meta-externalagent,No Matching Rules (Implicitly Allowed),True,none,,,https://doordash.com/robots.txt,403,
doordash.com,OAI-SearchBot,No Matching Rules (Implicitly Allowed),True,none,,,https://doordash.com/robots.txt,403,
doordash.com,Claude-SearchBot,No Matching Rules (Implicitly Allowed),True,none,,,https://doordash.com/robots.txt,403,
doordash.com,PerplexityBot,No Matching Rules (Implicitly Allowed),True,none,,,https://doordash.com/robots.txt,403,
doordash.com,YouBot,No Matching Rules (Implicitly Allowed),True,none,,,https://doordash.com/robots.txt,403,
doordash.com,ChatGPT-User,No Matching Rules (Implicitly Allowed),True,none,,,https://doordash.com/robots.txt,403,
doordash.com,Claude-User,No Matching Rules (Implicitly Allowed),True,none,,,https://doordash.com/robots.txt,403,
ebay.com,GPTBot,Wildcard Rule (Allowed),True,wildcard,,,https://www.ebay.com/robots.txt,200,
ebay.com,ClaudeBot,Explicitly Blocked,False,explicit,disallow,/,https://www.ebay.com/robots.txt,200,
ebay.com,Google-Extended,Wildcard Rule (Allowed),True,wildcard,,,https://www.ebay.com/robots.txt,200,
ebay.com,CCBot,Explicitly Blocked,False,explicit,disallow,/,https://www.ebay.com/robots.txt,200,
ebay.com,Amazonbot,Explicitly Blocked,False,explicit,disallow,/,https://www.ebay.com/robots.txt,200,
ebay.com,Applebot-Extended,Wildcard Rule (Allowed),True,wildcard,,,https://www.ebay.com/robots.txt,200,
ebay.com,Bytespider,Explicitly Blocked,False,explicit,disallow,/,https://www.ebay.com/robots.txt,200,
ebay.com,FacebookBot,Wildcard Rule (Allowed),True,wildcard,,,https://www.ebay.com/robots.txt,200,
ebay.com,meta-externalagent,Explicitly Blocked,False,explicit,disallow,/,https://www.ebay.com/robots.txt,200,
ebay.com,OAI-SearchBot,Wildcard Rule (Allowed),True,wildcard,,,https://www.ebay.com/robots.txt,200,
ebay.com,Claude-SearchBot,Wildcard Rule (Allowed),True,wildcard,,,https://www.ebay.com/robots.txt,200,
ebay.com,PerplexityBot,Explicitly Blocked,False,explicit,disallow,/,https://www.ebay.com/robots.txt,200,
ebay.com,YouBot,Wildcard Rule (Allowed),True,wildcard,,,https://www.ebay.com/robots.txt,200,
ebay.com,ChatGPT-User,Wildcard Rule (Allowed),True,wildcard,,,https://www.ebay.com/robots.txt,200,
ebay.com,Claude-User,Wildcard Rule (Allowed),True,wildcard,,,https://www.ebay.com/robots.txt,200,
etsy.com,GPTBot,Wildcard Rule (Allowed),True,wildcard,,,https://www.etsy.com/robots.txt,200,
etsy.com,ClaudeBot,Wildcard Rule (Allowed),True,wildcard,,,https://www.etsy.com/robots.txt,200,
etsy.com,Google-Extended,Wildcard Rule (Allowed),True,wildcard,,,https://www.etsy.com/robots.txt,200,
etsy.com,CCBot,Wildcard Rule (Allowed),True,wildcard,,,https://www.etsy.com/robots.txt,200,
etsy.com,Amazonbot,Wildcard Rule (Allowed),True,wildcard,,,https://www.etsy.com/robots.txt,200,
etsy.com,Applebot-Extended,Wildcard Rule (Allowed),True,wildcard,,,https://www.etsy.com/robots.txt,200,
etsy.com,Bytespider,Wildcard Rule (Allowed),True,wildcard,,,https://www.etsy.com/robots.txt,200,
etsy.com,FacebookBot,Wildcard Rule (Allowed),True,wildcard,,,https://www.etsy.com/robots.txt,200,
etsy.com,meta-externalagent,Wildcard Rule (Allowed),True,wildcard,,,https://www.etsy.com/robots.txt,200,
etsy.com,OAI-SearchBot,Wildcard Rule (Allowed),True,wildcard,,,https://www.etsy.com/robots.txt,200,
etsy.com,Claude-SearchBot,Wildcard Rule (Allowed),True,wildcard,,,https://www.etsy.com/robots.txt,200,
etsy.com,PerplexityBot,Wildcard Rule (Allowed),True,wildcard,,,https://www.etsy.com/robots.txt,200,
etsy.com,YouBot,Wildcard Rule (Allowed),True,wildcard,,,https://www.etsy.com/robots.txt,200,
etsy.com,ChatGPT-User,Wildcard Rule (Allowed),True,wildcard,,,https://www.etsy.com/robots.txt,200,
etsy.com,Claude-User,Wildcard Rule (Allowed),True,wildcard,,,https://www.etsy.com/robots.txt,200,
foodland.com,GPTBot,Wildcard Rule (Allowed),True,wildcard,allow,/,https://foodland.com/robots.txt,200,
foodland.com,ClaudeBot,Wildcard Rule (Allowed),True,wildcard,allow,/,https://foodland.com/robots.txt,200,
foodland.com,Google-Extended,Wildcard Rule (Allowed),True,wildcard,allow,/,https://foodland.com/robots.txt,200,
foodland.com,CCBot,Wildcard Rule (Allowed),True,wildcard,allow,/,https://foodland.com/robots.txt,200,
foodland.com,Amazonbot,Wildcard Rule (Allowed),True,wildcard,allow,/,https://foodland.com/robots.txt,200,
foodland.com,Applebot-Extended,Wildcard Rule (Allowed),True,wildcard,allow,/,https://foodland.com/robots.txt,200,
foodland.com,Bytespider,Wildcard Rule (Allowed),True,wildcard,allow,/,https://foodland.com/robots.txt,200,
foodland.com,FacebookBot,Wildcard Rule (Allowed),True,wildcard,allow,/,https://foodland.com/robots.txt,200,
foodland.com,meta-externalagent,Wildcard Rule (Allowed),True,wildcard,allow,/,https://foodland.com/robots.txt,200,
foodland.com,OAI-SearchBot,Wildcard Rule (Allowed),True,wildcard,allow,/,https://foodland.com/robots.txt,200,
foodland.com,Claude-SearchBot,Wildcard Rule (Allowed),True,wildcard,allow,/,https://foodland.com/robots.txt,200,
foodland.com,PerplexityBot,Wildcard Rule (Allowed),True,wildcard,allow,/,https://foodland.com/robots.txt,200,
foodland.com,YouBot,Wildcard Rule (Allowed),True,wildcard,allow,/,https://foodland.com/robots.txt,200,
foodland.com,ChatGPT-User,Wildcard Rule (Allowed),True,wildcard,allow,/,https://foodland.com/robots.txt,200,
foodland.com,Claude-User,Wildcard Rule (Allowed),True,wildcard,allow,/,https://foodland.com/robots.txt,200,
foodlion.com,GPTBot,No Matching Rules (Implicitly Allowed),True,none,,,https://foodlion.com/robots.txt,403,
foodlion.com,ClaudeBot,No Matching Rules (Implicitly Allowed),True,none,,,https://foodlion.com/robots.txt,403,
foodlion.com,Google-Extended,No Matching Rules (Implicitly Allowed),True,none,,,https://foodlion.com/robots.txt,403,
foodlion.com,CCBot,No Matching Rules (Implicitly Allowed),True,none,,,https://foodlion.com/robots.txt,403,
foodlion.com,Amazonbot,No Matching Rules (Implicitly Allowed),True,none,,,https://foodlion.com/robots.txt,403,
foodlion.com,Applebot-Extended,No Matching Rules (Implicitly Allowed),True,none,,,https://foodlion.com/robots.txt,403,
foodlion.com,Bytespider,No Matching Rules (Implicitly Allowed),True,none,,,https://foodlion.com/robots.txt,403,
foodlion.com,FacebookBot,No Matching Rules (Implicitly Allowed),True,none,,,https://foodlion.com/robots.txt,403,
foodlion.com,meta-externalagent,No Matching Rules (Implicitly Allowed),True,none,,,https://foodlion.com/robots.txt,403,
foodlion.com,OAI-SearchBot,No Matching Rules (Implicitly Allowed),True,none,,,https://foodlion.com/robots.txt,403,
foodlion.com,Claude-SearchBot,No Matching Rules (Implicitly Allowed),True,none,,,https://foodlion.com/robots.txt,403,
foodlion.com,PerplexityBot,No Matching Rules (Implicitly Allowed),True,none,,,https://foodlion.com/robots.txt,403,
foodlion.com,YouBot,No Matching Rules (Implicitly Allowed),True,none,,,https://foodlion.com/robots.txt,403,
foodlion.com,ChatGPT-User,No Matching Rules (Implicitly Allowed),True,none,,,https://foodlion.com/robots.txt,403,
foodlion.com,Claude-User,No Matching Rules (Implicitly Allowed),True,none,,,https://foodlion.com/robots.txt,403,
freshdirect.com,GPTBot,No Matching Rules (Implicitly Allowed),True,none,,,https://freshdirect.com/robots.txt,0,"ReadTimeout: HTTPSConnectionPool(host='www.freshdirect.com', port=443): Read timed out. (read timeout=15.0)"
freshdirect.com,ClaudeBot,No Matching Rules (Implicitly Allowed),True,none,,,https://freshdirect.com/robots.txt,0,"ReadTimeout: HTTPSConnectionPool(host='www.freshdirect.com', port=443): Read timed out. (read timeout=15.0)"
freshdirect.com,Google-Extended,No Matching Rules (Implicitly Allowed),True,none,,,https://freshdirect.com/robots.txt,0,"ReadTimeout: HTTPSConnectionPool(host='www.freshdirect.com', port=443): Read timed out. (read timeout=15.0)"
freshdirect.com,CCBot,No Matching Rules (Implicitly Allowed),True,none,,,https://freshdirect.com/robots.txt,0,"ReadTimeout: HTTPSConnectionPool(host='www.freshdirect.com', port=443): Read timed out. (read timeout=15.0)"
freshdirect.com,Amazonbot,No Matching Rules (Implicitly Allowed),True,none,,,https://freshdirect.com/robots.txt,0,"ReadTimeout: HTTPSConnectionPool(host='www.freshdirect.com', port=443): Read timed out. (read timeout=15.0)"
freshdirect.com,Applebot-Extended,No Matching Rules (Implicitly Allowed),True,none,,,https://freshdirect.com/robots.txt,0,"ReadTimeout: HTTPSConnectionPool(host='www.freshdirect.com', port=443): Read timed out. (read timeout=15.0)"
freshdirect.com,Bytespider,No Matching Rules (Implicitly Allowed),True,none,,,https://freshdirect.com/robots.txt,0,"ReadTimeout: HTTPSConnectionPool(host='www.freshdirect.com', port=443): Read timed out. (read timeout=15.0)"
freshdirect.com,FacebookBot,No Matching Rules (Implicitly Allowed),True,none,,,https://freshdirect.com/robots.txt,0,"ReadTimeout: HTTPSConnectionPool(host='www.freshdirect.com', port=443): Read timed out. (read timeout=15.0)"
freshdirect.com,meta-externalagent,No Matching Rules (Implicitly Allowed),True,none,,,https://freshdirect.com/robots.txt,0,"ReadTimeout: HTTPSConnectionPool(host='www.freshdirect.com', port=443): Read timed out. (read timeout=15.0)"
freshdirect.com,OAI-SearchBot,No Matching Rules (Implicitly Allowed),True,none,,,https://freshdirect.com/robots.txt,0,"ReadTimeout: HTTPSConnectionPool(host='www.freshdirect.com', port=443): Read timed out. (read timeout=15.0)"
freshdirect.com,Claude-SearchBot,No Matching Rules (Implicitly Allowed),True,none,,,https://freshdirect.com/robots.txt,0,"ReadTimeout: HTTPSConnectionPool(host='www.freshdirect.com', port=443): Read timed out. (read timeout=15.0)"
freshdirect.com,PerplexityBot,No Matching Rules (Implicitly Allowed),True,none,,,https://freshdirect.com/robots.txt,0,"ReadTimeout: HTTPSConnectionPool(host='www.freshdirect.com', port=443): Read timed out. (read timeout=15.0)"
freshdirect.com,YouBot,No Matching Rules (Implicitly Allowed),True,none,,,https://freshdirect.com/robots.txt,0,"ReadTimeout: HTTPSConnectionPool(host='www.freshdirect.com', port=443): Read timed out. (read timeout=15.0)"
freshdirect.com,ChatGPT-User,No Matching Rules (Implicitly Allowed),True,none,,,https://freshdirect.com/robots.txt,0,"ReadTimeout: HTTPSConnectionPool(host='www.freshdirect.com', port=443): Read timed out. (read timeout=15.0)"
freshdirect.com,Claude-User,No Matching Rules (Implicitly Allowed),True,none,,,https://freshdirect.com/robots.txt,0,"ReadTimeout: HTTPSConnectionPool(host='www.freshdirect.com', port=443): Read timed out. (read timeout=15.0)"
gianteagle.com,GPTBot,No Matching Rules (Implicitly Allowed),True,none,,,https://gianteagle.com/robots.txt,403,
gianteagle.com,ClaudeBot,No Matching Rules (Implicitly Allowed),True,none,,,https://gianteagle.com/robots.txt,403,
gianteagle.com,Google-Extended,No Matching Rules (Implicitly Allowed),True,none,,,https://gianteagle.com/robots.txt,403,
gianteagle.com,CCBot,No Matching Rules (Implicitly Allowed),True,none,,,https://gianteagle.com/robots.txt,403,
gianteagle.com,Amazonbot,No Matching Rules (Implicitly Allowed),True,none,,,https://gianteagle.com/robots.txt,403,
gianteagle.com,Applebot-Extended,No Matching Rules (Implicitly Allowed),True,none,,,https://gianteagle.com/robots.txt,403,
gianteagle.com,Bytespider,No Matching Rules (Implicitly Allowed),True,none,,,https://gianteagle.com/robots.txt,403,
gianteagle.com,FacebookBot,No Matching Rules (Implicitly Allowed),True,none,,,https://gianteagle.com/robots.txt,403,
gianteagle.com,meta-externalagent,No Matching Rules (Implicitly Allowed),True,none,,,https://gianteagle.com/robots.txt,403,
gianteagle.com,OAI-SearchBot,No Matching Rules (Implicitly Allowed),True,none,,,https://gianteagle.com/robots.txt,403,
gianteagle.com,Claude-SearchBot,No Matching Rules (Implicitly Allowed),True,none,,,https://gianteagle.com/robots.txt,403,
gianteagle.com,PerplexityBot,No Matching Rules (Implicitly Allowed),True,none,,,https://gianteagle.com/robots.txt,403,
gianteagle.com,YouBot,No Matching Rules (Implicitly Allowed),True,none,,,https://gianteagle.com/robots.txt,403,
gianteagle.com,ChatGPT-User,No Matching Rules (Implicitly Allowed),True,none,,,https://gianteagle.com/robots.txt,403,
gianteagle.com,Claude-User,No Matching Rules (Implicitly Allowed),True,none,,,https://gianteagle.com/robots.txt,403,
giantfoodstores.com,GPTBot,No Matching Rules (Implicitly Allowed),True,none,,,https://giantfoodstores.com/robots.txt,403,
giantfoodstores.com,ClaudeBot,No Matching Rules (Implicitly Allowed),True,none,,,https://giantfoodstores.com/robots.txt,403,
giantfoodstores.com,Google-Extended,No Matching Rules (Implicitly Allowed),True,none,,,https://giantfoodstores.com/robots.txt,403,
giantfoodstores.com,CCBot,No Matching Rules (Implicitly Allowed),True,none,,,https://giantfoodstores.com/robots.txt,403,
giantfoodstores.com,Amazonbot,No Matching Rules (Implicitly Allowed),True,none,,,https://giantfoodstores.com/robots.txt,403,
giantfoodstores.com,Applebot-Extended,No Matching Rules (Implicitly Allowed),True,none,,,https://giantfoodstores.com/robots.txt,403,
giantfoodstores.com,Bytespider,No Matching Rules (Implicitly Allowed),True,none,,,https://giantfoodstores.com/robots.txt,403,
giantfoodstores.com,FacebookBot,No Matching Rules (Implicitly Allowed),True,none,,,https://giantfoodstores.com/robots.txt,403,
giantfoodstores.com,meta-externalagent,No Matching Rules (Implicitly Allowed),True,none,,,https://giantfoodstores.com/robots.txt,403,
giantfoodstores.com,OAI-SearchBot,No Matching Rules (Implicitly Allowed),True,none,,,https://giantfoodstores.com/robots.txt,403,
giantfoodstores.com,Claude-SearchBot,No Matching Rules (Implicitly Allowed),True,none,,,https://giantfoodstores.com/robots.txt,403,
giantfoodstores.com,PerplexityBot,No Matching Rules (Implicitly Allowed),True,none,,,https://giantfoodstores.com/robots.txt,403,
giantfoodstores.com,YouBot,No Matching Rules (Implicitly Allowed),True,none,,,https://giantfoodstores.com/robots.txt,403,
giantfoodstores.com,ChatGPT-User,No Matching Rules (Implicitly Allowed),True,none,,,https://giantfoodstores.com/robots.txt,403,
giantfoodstores.com,Claude-User,No Matching Rules (Implicitly Allowed),True,none,,,https://giantfoodstores.com/robots.txt,403,
gopuff.com,GPTBot,No Matching Rules (Implicitly Allowed),True,none,,,https://www.gopuff.com/robots.txt,403,
gopuff.com,ClaudeBot,No Matching Rules (Implicitly Allowed),True,none,,,https://www.gopuff.com/robots.txt,403,
gopuff.com,Google-Extended,No Matching Rules (Implicitly Allowed),True,none,,,https://www.gopuff.com/robots.txt,403,
gopuff.com,CCBot,No Matching Rules (Implicitly Allowed),True,none,,,https://www.gopuff.com/robots.txt,403,
gopuff.com,Amazonbot,No Matching Rules (Implicitly Allowed),True,none,,,https://www.gopuff.com/robots.txt,403,
gopuff.com,Applebot-Extended,No Matching Rules (Implicitly Allowed),True,none,,,https://www.gopuff.com/robots.txt,403,
gopuff.com,Bytespider,No Matching Rules (Implicitly Allowed),True,none,,,https://www.gopuff.com/robots.txt,403,
gopuff.com,FacebookBot,No Matching Rules (Implicitly Allowed),True,none,,,https://www.gopuff.com/robots.txt,403,
gopuff.com,meta-externalagent,No Matching Rules (Implicitly Allowed),True,none,,,https://www.gopuff.com/robots.txt,403,
gopuff.com,OAI-SearchBot,No Matching Rules (Implicitly Allowed),True,none,,,https://www.gopuff.com/robots.txt,403,
gopuff.com,Claude-SearchBot,No Matching Rules (Implicitly Allowed),True,none,,,https://www.gopuff.com/robots.txt,403,
gopuff.com,PerplexityBot,No Matching Rules (Implicitly Allowed),True,none,,,https://www.gopuff.com/robots.txt,403,
gopuff.com,YouBot,No Matching Rules (Implicitly Allowed),True,none,,,https://www.gopuff.com/robots.txt,403,
gopuff.com,ChatGPT-User,No Matching Rules (Implicitly Allowed),True,none,,,https://www.gopuff.com/robots.txt,403,
gopuff.com,Claude-User,No Matching Rules (Implicitly Allowed),True,none,,,https://www.gopuff.com/robots.txt,403,
hannaford.com,GPTBot,No Matching Rules (Implicitly Allowed),True,none,,,https://hannaford.com/robots.txt,403,
hannaford.com,ClaudeBot,No Matching Rules (Implicitly Allowed),True,none,,,https://hannaford.com/robots.txt,403,
hannaford.com,Google-Extended,No Matching Rules (Implicitly Allowed),True,none,,,https://hannaford.com/robots.txt,403,
hannaford.com,CCBot,No Matching Rules (Implicitly Allowed),True,none,,,https://hannaford.com/robots.txt,403,
hannaford.com,Amazonbot,No Matching Rules (Implicitly Allowed),True,none,,,https://hannaford.com/robots.txt,403,
hannaford.com,Applebot-Extended,No Matching Rules (Implicitly Allowed),True,none,,,https://hannaford.com/robots.txt,403,
hannaford.com,Bytespider,No Matching Rules (Implicitly Allowed),True,none,,,https://hannaford.com/robots.txt,403,
hannaford.com,FacebookBot,No Matching Rules (Implicitly Allowed),True,none,,,https://hannaford.com/robots.txt,403,
hannaford.com,meta-externalagent,No Matching Rules (Implicitly Allowed),True,none,,,https://hannaford.com/robots.txt,403,
hannaford.com,OAI-SearchBot,No Matching Rules (Implicitly Allowed),True,none,,,https://hannaford.com/robots.txt,403,
hannaford.com,Claude-SearchBot,No Matching Rules (Implicitly Allowed),True,none,,,https://hannaford.com/robots.txt,403,
hannaford.com,PerplexityBot,No Matching Rules (Implicitly Allowed),True,none,,,https://hannaford.com/robots.txt,403,
hannaford.com,YouBot,No Matching Rules (Implicitly Allowed),True,none,,,https://hannaford.com/robots.txt,403,
hannaford.com,ChatGPT-User,No Matching Rules (Implicitly Allowed),True,none,,,https://hannaford.com/robots.txt,403,
hannaford.com,Claude-User,No Matching Rules (Implicitly Allowed),True,none,,,https://hannaford.com/robots.txt,403,
harveyssupermarkets.com,GPTBot,Explicitly Allowed,True,explicit,allow,/,https://harveyssupermarkets.com/robots.txt,200,
harveyssupermarkets.com,ClaudeBot,Wildcard Rule (Allowed),True,wildcard,,,https://harveyssupermarkets.com/robots.txt,200,
harveyssupermarkets.com,Google-Extended,Wildcard Rule (Allowed),True,wildcard,,,https://harveyssupermarkets.com/robots.txt,200,
harveyssupermarkets.com,CCBot,Wildcard Rule (Allowed),True,wildcard,,,https://harveyssupermarkets.com/robots.txt,200,
harveyssupermarkets.com,Amazonbot,Wildcard Rule (Allowed),True,wildcard,,,https://harveyssupermarkets.com/robots.txt,200,
harveyssupermarkets.com,Applebot-Extended,Wildcard Rule (Allowed),True,wildcard,,,https://harveyssupermarkets.com/robots.txt,200,
harveyssupermarkets.com,Bytespider,Wildcard Rule (Allowed),True,wildcard,,,https://harveyssupermarkets.com/robots.txt,200,
harveyssupermarkets.com,FacebookBot,Wildcard Rule (Allowed),True,wildcard,,,https://harveyssupermarkets.com/robots.txt,200,
harveyssupermarkets.com,meta-externalagent,Wildcard Rule (Allowed),True,wildcard,,,https://harveyssupermarkets.com/robots.txt,200,
harveyssupermarkets.com,OAI-SearchBot,Wildcard Rule (Allowed),True,wildcard,,,https://harveyssupermarkets.com/robots.txt,200,
harveyssupermarkets.com,Claude-SearchBot,Wildcard Rule (Allowed),True,wildcard,,,https://harveyssupermarkets.com/robots.txt,200,
harveyssupermarkets.com,PerplexityBot,Wildcard Rule (Allowed),True,wildcard,,,https://harveyssupermarkets.com/robots.txt,200,
harveyssupermarkets.com,YouBot,Wildcard Rule (Allowed),True,wildcard,,,https://harveyssupermarkets.com/robots.txt,200,
harveyssupermarkets.com,ChatGPT-User,Wildcard Rule (Allowed),True,wildcard,,,https://harveyssupermarkets.com/robots.txt,200,
harveyssupermarkets.com,Claude-User,Wildcard Rule (Allowed),True,wildcard,,,https://harveyssupermarkets.com/robots.txt,200,
homedepot.com,GPTBot,No Matching Rules (Implicitly Allowed),True,none,,,https://www.homedepot.com/robots.txt,403,
homedepot.com,ClaudeBot,No Matching Rules (Implicitly Allowed),True,none,,,https://www.homedepot.com/robots.txt,403,
homedepot.com,Google-Extended,No Matching Rules (Implicitly Allowed),True,none,,,https://www.homedepot.com/robots.txt,403,
homedepot.com,CCBot,No Matching Rules (Implicitly Allowed),True,none,,,https://www.homedepot.com/robots.txt,403,
homedepot.com,Amazonbot,No Matching Rules (Implicitly Allowed),True,none,,,https://www.homedepot.com/robots.txt,403,
homedepot.com,Applebot-Extended,No Matching Rules (Implicitly Allowed),True,none,,,https://www.homedepot.com/robots.txt,403,
homedepot.com,Bytespider,No Matching Rules (Implicitly Allowed),True,none,,,https://www.homedepot.com/robots.txt,403,
homedepot.com,FacebookBot,No Matching Rules (Implicitly Allowed),True,none,,,https://www.homedepot.com/robots.txt,403,
homedepot.com,meta-externalagent,No Matching Rules (Implicitly Allowed),True,none,,,https://www.homedepot.com/robots.txt,403,
homedepot.com,OAI-SearchBot,No Matching Rules (Implicitly Allowed),True,none,,,https://www.homedepot.com/robots.txt,403,
homedepot.com,Claude-SearchBot,No Matching Rules (Implicitly Allowed),True,none,,,https://www.homedepot.com/robots.txt,403,
homedepot.com,PerplexityBot,No Matching Rules (Implicitly Allowed),True,none,,,https://www.homedepot.com/robots.txt,403,
homedepot.com,YouBot,No Matching Rules (Implicitly Allowed),True,none,,,https://www.homedepot.com/robots.txt,403,
homedepot.com,ChatGPT-User,No Matching Rules (Implicitly Allowed),True,none,,,https://www.homedepot.com/robots.txt,403,
homedepot.com,Claude-User,No Matching Rules (Implicitly Allowed),True,none,,,https://www.homedepot.com/robots.txt,403,
hy-vee.com,GPTBot,Wildcard Rule (Allowed),True,wildcard,disallow,,https://www.hy-vee.com/robots.txt,200,
hy-vee.com,ClaudeBot,Wildcard Rule (Allowed),True,wildcard,disallow,,https://www.hy-vee.com/robots.txt,200,
hy-vee.com,Google-Extended,Wildcard Rule (Allowed),True,wildcard,disallow,,https://www.hy-vee.com/robots.txt,200,
hy-vee.com,CCBot,Wildcard Rule (Allowed),True,wildcard,disallow,,https://www.hy-vee.com/robots.txt,200,
hy-vee.com,Amazonbot,Wildcard Rule (Allowed),True,wildcard,disallow,,https://www.hy-vee.com/robots.txt,200,
hy-vee.com,Applebot-Extended,Wildcard Rule (Allowed),True,wildcard,disallow,,https://www.hy-vee.com/robots.txt,200,
hy-vee.com,Bytespider,Wildcard Rule (Allowed),True,wildcard,disallow,,https://www.hy-vee.com/robots.txt,200,
hy-vee.com,FacebookBot,Wildcard Rule (Allowed),True,wildcard,disallow,,https://www.hy-vee.com/robots.txt,200,
hy-vee.com,meta-externalagent,Wildcard Rule (Allowed),True,wildcard,disallow,,https://www.hy-vee.com/robots.txt,200,
hy-vee.com,OAI-SearchBot,Wildcard Rule (Allowed),True,wildcard,disallow,,https://www.hy-vee.com/robots.txt,200,
hy-vee.com,Claude-SearchBot,Wildcard Rule (Allowed),True,wildcard,disallow,,https://www.hy-vee.com/robots.txt,200,
hy-vee.com,PerplexityBot,Wildcard Rule (Allowed),True,wildcard,disallow,,https://www.hy-vee.com/robots.txt,200,
hy-vee.com,YouBot,Wildcard Rule (Allowed),True,wildcard,disallow,,https://www.hy-vee.com/robots.txt,200,
hy-vee.com,ChatGPT-User,Wildcard Rule (Allowed),True,wildcard,disallow,,https://www.hy-vee.com/robots.txt,200,
hy-vee.com,Claude-User,Wildcard Rule (Allowed),True,wildcard,disallow,,https://www.hy-vee.com/robots.txt,200,
instacart.com,GPTBot,Wildcard Rule (Blocked),False,wildcard,disallow,/,https://www.instacart.com/robots.txt,200,
instacart.com,ClaudeBot,Wildcard Rule (Blocked),False,wildcard,disallow,/,https://www.instacart.com/robots.txt,200,
instacart.com,Google-Extended,Wildcard Rule (Blocked),False,wildcard,disallow,/,https://www.instacart.com/robots.txt,200,
instacart.com,CCBot,Wildcard Rule (Blocked),False,wildcard,disallow,/,https://www.instacart.com/robots.txt,200,
instacart.com,Amazonbot,Wildcard Rule (Blocked),False,wildcard,disallow,/,https://www.instacart.com/robots.txt,200,
instacart.com,Applebot-Extended,Wildcard Rule (Blocked),False,wildcard,disallow,/,https://www.instacart.com/robots.txt,200,
instacart.com,Bytespider,Wildcard Rule (Blocked),False,wildcard,disallow,/,https://www.instacart.com/robots.txt,200,
instacart.com,FacebookBot,Wildcard Rule (Blocked),False,wildcard,disallow,/,https://www.instacart.com/robots.txt,200,
instacart.com,meta-externalagent,Wildcard Rule (Blocked),False,wildcard,disallow,/,https://www.instacart.com/robots.txt,200,
instacart.com,OAI-SearchBot,Explicitly Allowed,True,explicit,allow,/,https://www.instacart.com/robots.txt,200,
instacart.com,Claude-SearchBot,Wildcard Rule (Blocked),False,wildcard,disallow,/,https://www.instacart.com/robots.txt,200,
instacart.com,PerplexityBot,Explicitly Blocked,False,explicit,disallow,/,https://www.instacart.com/robots.txt,200,
instacart.com,YouBot,Wildcard Rule (Blocked),False,wildcard,disallow,/,https://www.instacart.com/robots.txt,200,
instacart.com,ChatGPT-User,Explicitly Allowed,True,explicit,allow,/,https://www.instacart.com/robots.txt,200,
instacart.com,Claude-User,Wildcard Rule (Blocked),False,wildcard,disallow,/,https://www.instacart.com/robots.txt,200,
kohls.com,GPTBot,No Matching Rules (Implicitly Allowed),True,none,,,https://kohls.com/robots.txt,403,
kohls.com,ClaudeBot,No Matching Rules (Implicitly Allowed),True,none,,,https://kohls.com/robots.txt,403,
kohls.com,Google-Extended,No Matching Rules (Implicitly Allowed),True,none,,,https://kohls.com/robots.txt,403,
kohls.com,CCBot,No Matching Rules (Implicitly Allowed),True,none,,,https://kohls.com/robots.txt,403,
kohls.com,Amazonbot,No Matching Rules (Implicitly Allowed),True,none,,,https://kohls.com/robots.txt,403,
kohls.com,Applebot-Extended,No Matching Rules (Implicitly Allowed),True,none,,,https://kohls.com/robots.txt,403,
kohls.com,Bytespider,No Matching Rules (Implicitly Allowed),True,none,,,https://kohls.com/robots.txt,403,
kohls.com,FacebookBot,No Matching Rules (Implicitly Allowed),True,none,,,https://kohls.com/robots.txt,403,
kohls.com,meta-externalagent,No Matching Rules (Implicitly Allowed),True,none,,,https://kohls.com/robots.txt,403,
kohls.com,OAI-SearchBot,No Matching Rules (Implicitly Allowed),True,none,,,https://kohls.com/robots.txt,403,
kohls.com,Claude-SearchBot,No Matching Rules (Implicitly Allowed),True,none,,,https://kohls.com/robots.txt,403,
kohls.com,PerplexityBot,No Matching Rules (Implicitly Allowed),True,none,,,https://kohls.com/robots.txt,403,
kohls.com,YouBot,No Matching Rules (Implicitly Allowed),True,none,,,https://kohls.com/robots.txt,403,
kohls.com,ChatGPT-User,No Matching Rules (Implicitly Allowed),True,none,,,https://kohls.com/robots.txt,403,
kohls.com,Claude-User,No Matching Rules (Implicitly Allowed),True,none,,,https://kohls.com/robots.txt,403,
kroger.com,GPTBot,No Matching Rules (Implicitly Allowed),True,none,,,https://kroger.com/robots.txt,0,"ReadTimeout: HTTPConnectionPool(host='www.kroger.com', port=80): Read timed out. (read timeout=15.0)"
kroger.com,ClaudeBot,No Matching Rules (Implicitly Allowed),True,none,,,https://kroger.com/robots.txt,0,"ReadTimeout: HTTPConnectionPool(host='www.kroger.com', port=80): Read timed out. (read timeout=15.0)"
kroger.com,Google-Extended,No Matching Rules (Implicitly Allowed),True,none,,,https://kroger.com/robots.txt,0,"ReadTimeout: HTTPConnectionPool(host='www.kroger.com', port=80): Read timed out. (read timeout=15.0)"
kroger.com,CCBot,No Matching Rules (Implicitly Allowed),True,none,,,https://kroger.com/robots.txt,0,"ReadTimeout: HTTPConnectionPool(host='www.kroger.com', port=80): Read timed out. (read timeout=15.0)"
kroger.com,Amazonbot,No Matching Rules (Implicitly Allowed),True,none,,,https://kroger.com/robots.txt,0,"ReadTimeout: HTTPConnectionPool(host='www.kroger.com', port=80): Read timed out. (read timeout=15.0)"
kroger.com,Applebot-Extended,No Matching Rules (Implicitly Allowed),True,none,,,https://kroger.com/robots.txt,0,"ReadTimeout: HTTPConnectionPool(host='www.kroger.com', port=80): Read timed out. (read timeout=15.0)"
kroger.com,Bytespider,No Matching Rules (Implicitly Allowed),True,none,,,https://kroger.com/robots.txt,0,"ReadTimeout: HTTPConnectionPool(host='www.kroger.com', port=80): Read timed out. (read timeout=15.0)"
kroger.com,FacebookBot,No Matching Rules (Implicitly Allowed),True,none,,,https://kroger.com/robots.txt,0,"ReadTimeout: HTTPConnectionPool(host='www.kroger.com', port=80): Read timed out. (read timeout=15.0)"
kroger.com,meta-externalagent,No Matching Rules (Implicitly Allowed),True,none,,,https://kroger.com/robots.txt,0,"ReadTimeout: HTTPConnectionPool(host='www.kroger.com', port=80): Read timed out. (read timeout=15.0)"
kroger.com,OAI-SearchBot,No Matching Rules (Implicitly Allowed),True,none,,,https://kroger.com/robots.txt,0,"ReadTimeout: HTTPConnectionPool(host='www.kroger.com', port=80): Read timed out. (read timeout=15.0)"
kroger.com,Claude-SearchBot,No Matching Rules (Implicitly Allowed),True,none,,,https://kroger.com/robots.txt,0,"ReadTimeout: HTTPConnectionPool(host='www.kroger.com', port=80): Read timed out. (read timeout=15.0)"
kroger.com,PerplexityBot,No Matching Rules (Implicitly Allowed),True,none,,,https://kroger.com/robots.txt,0,"ReadTimeout: HTTPConnectionPool(host='www.kroger.com', port=80): Read timed out. (read timeout=15.0)"
kroger.com,YouBot,No Matching Rules (Implicitly Allowed),True,none,,,https://kroger.com/robots.txt,0,"ReadTimeout: HTTPConnectionPool(host='www.kroger.com', port=80): Read timed out. (read timeout=15.0)"
kroger.com,ChatGPT-User,No Matching Rules (Implicitly Allowed),True,none,,,https://kroger.com/robots.txt,0,"ReadTimeout: HTTPConnectionPool(host='www.kroger.com', port=80): Read timed out. (read timeout=15.0)"
kroger.com,Claude-User,No Matching Rules (Implicitly Allowed),True,none,,,https://kroger.com/robots.txt,0,"ReadTimeout: HTTPConnectionPool(host='www.kroger.com', port=80): Read timed out. (read timeout=15.0)"
lowes.com,GPTBot,No Matching Rules (Implicitly Allowed),True,none,,,https://www.lowes.com/robots.txt,403,
lowes.com,ClaudeBot,No Matching Rules (Implicitly Allowed),True,none,,,https://www.lowes.com/robots.txt,403,
lowes.com,Google-Extended,No Matching Rules (Implicitly Allowed),True,none,,,https://www.lowes.com/robots.txt,403,
lowes.com,CCBot,No Matching Rules (Implicitly Allowed),True,none,,,https://www.lowes.com/robots.txt,403,
lowes.com,Amazonbot,No Matching Rules (Implicitly Allowed),True,none,,,https://www.lowes.com/robots.txt,403,
lowes.com,Applebot-Extended,No Matching Rules (Implicitly Allowed),True,none,,,https://www.lowes.com/robots.txt,403,
lowes.com,Bytespider,No Matching Rules (Implicitly Allowed),True,none,,,https://www.lowes.com/robots.txt,403,
lowes.com,FacebookBot,No Matching Rules (Implicitly Allowed),True,none,,,https://www.lowes.com/robots.txt,403,
lowes.com,meta-externalagent,No Matching Rules (Implicitly Allowed),True,none,,,https://www.lowes.com/robots.txt,403,
lowes.com,OAI-SearchBot,No Matching Rules (Implicitly Allowed),True,none,,,https://www.lowes.com/robots.txt,403,
lowes.com,Claude-SearchBot,No Matching Rules (Implicitly Allowed),True,none,,,https://www.lowes.com/robots.txt,403,
lowes.com,PerplexityBot,No Matching Rules (Implicitly Allowed),True,none,,,https://www.lowes.com/robots.txt,403,
lowes.com,YouBot,No Matching Rules (Implicitly Allowed),True,none,,,https://www.lowes.com/robots.txt,403,
lowes.com,ChatGPT-User,No Matching Rules (Implicitly Allowed),True,none,,,https://www.lowes.com/robots.txt,403,
lowes.com,Claude-User,No Matching Rules (Implicitly Allowed),True,none,,,https://www.lowes.com/robots.txt,403,
macys.com,GPTBot,No Matching Rules (Implicitly Allowed),True,none,,,https://www.macys.com/robots.txt,403,
macys.com,ClaudeBot,No Matching Rules (Implicitly Allowed),True,none,,,https://www.macys.com/robots.txt,403,
macys.com,Google-Extended,No Matching Rules (Implicitly Allowed),True,none,,,https://www.macys.com/robots.txt,403,
macys.com,CCBot,No Matching Rules (Implicitly Allowed),True,none,,,https://www.macys.com/robots.txt,403,
macys.com,Amazonbot,No Matching Rules (Implicitly Allowed),True,none,,,https://www.macys.com/robots.txt,403,
macys.com,Applebot-Extended,No Matching Rules (Implicitly Allowed),True,none,,,https://www.macys.com/robots.txt,403,
macys.com,Bytespider,No Matching Rules (Implicitly Allowed),True,none,,,https://www.macys.com/robots.txt,403,
macys.com,FacebookBot,No Matching Rules (Implicitly Allowed),True,none,,,https://www.macys.com/robots.txt,403,
macys.com,meta-externalagent,No Matching Rules (Implicitly Allowed),True,none,,,https://www.macys.com/robots.txt,403,
macys.com,OAI-SearchBot,No Matching Rules (Implicitly Allowed),True,none,,,https://www.macys.com/robots.txt,403,
macys.com,Claude-SearchBot,No Matching Rules (Implicitly Allowed),True,none,,,https://www.macys.com/robots.txt,403,
macys.com,PerplexityBot,No Matching Rules (Implicitly Allowed),True,none,,,https://www.macys.com/robots.txt,403,
macys.com,YouBot,No Matching Rules (Implicitly Allowed),True,none,,,https://www.macys.com/robots.txt,403,
macys.com,ChatGPT-User,No Matching Rules (Implicitly Allowed),True,none,,,https://www.macys.com/robots.txt,403,
macys.com,Claude-User,No Matching Rules (Implicitly Allowed),True,none,,,https://www.macys.com/robots.txt,403,
meijer.com,GPTBot,No Matching Rules (Implicitly Allowed),True,none,,,https://www.meijer.com/robots.txt,200,
meijer.com,ClaudeBot,No Matching Rules (Implicitly Allowed),True,none,,,https://www.meijer.com/robots.txt,200,
meijer.com,Google-Extended,No Matching Rules (Implicitly Allowed),True,none,,,https://www.meijer.com/robots.txt,200,
meijer.com,CCBot,No Matching Rules (Implicitly Allowed),True,none,,,https://www.meijer.com/robots.txt,200,
meijer.com,Amazonbot,No Matching Rules (Implicitly Allowed),True,none,,,https://www.meijer.com/robots.txt,200,
meijer.com,Applebot-Extended,No Matching Rules (Implicitly Allowed),True,none,,,https://www.meijer.com/robots.txt,200,
meijer.com,Bytespider,No Matching Rules (Implicitly Allowed),True,none,,,https://www.meijer.com/robots.txt,200,
meijer.com,FacebookBot,No Matching Rules (Implicitly Allowed),True,none,,,https://www.meijer.com/robots.txt,200,
meijer.com,meta-externalagent,No Matching Rules (Implicitly Allowed),True,none,,,https://www.meijer.com/robots.txt,200,
meijer.com,OAI-SearchBot,No Matching Rules (Implicitly Allowed),True,none,,,https://www.meijer.com/robots.txt,200,
meijer.com,Claude-SearchBot,No Matching Rules (Implicitly Allowed),True,none,,,https://www.meijer.com/robots.txt,200,
meijer.com,PerplexityBot,No Matching Rules (Implicitly Allowed),True,none,,,https://www.meijer.com/robots.txt,200,
meijer.com,YouBot,No Matching Rules (Implicitly Allowed),True,none,,,https://www.meijer.com/robots.txt,200,
meijer.com,ChatGPT-User,No Matching Rules (Implicitly Allowed),True,none,,,https://www.meijer.com/robots.txt,200,
meijer.com,Claude-User,No Matching Rules (Implicitly Allowed),True,none,,,https://www.meijer.com/robots.txt,200,
michaels.com,GPTBot,No Matching Rules (Implicitly Allowed),True,none,,,https://www.michaels.com/robots.txt,403,
michaels.com,ClaudeBot,No Matching Rules (Implicitly Allowed),True,none,,,https://www.michaels.com/robots.txt,403,
michaels.com,Google-Extended,No Matching Rules (Implicitly Allowed),True,none,,,https://www.michaels.com/robots.txt,403,
michaels.com,CCBot,No Matching Rules (Implicitly Allowed),True,none,,,https://www.michaels.com/robots.txt,403,
michaels.com,Amazonbot,No Matching Rules (Implicitly Allowed),True,none,,,https://www.michaels.com/robots.txt,403,
michaels.com,Applebot-Extended,No Matching Rules (Implicitly Allowed),True,none,,,https://www.michaels.com/robots.txt,403,
michaels.com,Bytespider,No Matching Rules (Implicitly Allowed),True,none,,,https://www.michaels.com/robots.txt,403,
michaels.com,FacebookBot,No Matching Rules (Implicitly Allowed),True,none,,,https://www.michaels.com/robots.txt,403,
michaels.com,meta-externalagent,No Matching Rules (Implicitly Allowed),True,none,,,https://www.michaels.com/robots.txt,403,
michaels.com,OAI-SearchBot,No Matching Rules (Implicitly Allowed),True,none,,,https://www.michaels.com/robots.txt,403,
michaels.com,Claude-SearchBot,No Matching Rules (Implicitly Allowed),True,none,,,https://www.michaels.com/robots.txt,403,
michaels.com,PerplexityBot,No Matching Rules (Implicitly Allowed),True,none,,,https://www.michaels.com/robots.txt,403,
michaels.com,YouBot,No Matching Rules (Implicitly Allowed),True,none,,,https://www.michaels.com/robots.txt,403,
michaels.com,ChatGPT-User,No Matching Rules (Implicitly Allowed),True,none,,,https://www.michaels.com/robots.txt,403,
michaels.com,Claude-User,No Matching Rules (Implicitly Allowed),True,none,,,https://www.michaels.com/robots.txt,403,
nordstrom.com,GPTBot,Wildcard Rule (Allowed),True,wildcard,,,https://www.nordstrom.com/robots.txt,200,
nordstrom.com,ClaudeBot,Wildcard Rule (Allowed),True,wildcard,,,https://www.nordstrom.com/robots.txt,200,
nordstrom.com,Google-Extended,Wildcard Rule (Allowed),True,wildcard,,,https://www.nordstrom.com/robots.txt,200,
nordstrom.com,CCBot,Wildcard Rule (Allowed),True,wildcard,,,https://www.nordstrom.com/robots.txt,200,
nordstrom.com,Amazonbot,Wildcard Rule (Allowed),True,wildcard,,,https://www.nordstrom.com/robots.txt,200,
nordstrom.com,Applebot-Extended,Wildcard Rule (Allowed),True,wildcard,,,https://www.nordstrom.com/robots.txt,200,
nordstrom.com,Bytespider,Wildcard Rule (Allowed),True,wildcard,,,https://www.nordstrom.com/robots.txt,200,
nordstrom.com,FacebookBot,Wildcard Rule (Allowed),True,wildcard,,,https://www.nordstrom.com/robots.txt,200,
nordstrom.com,meta-externalagent,Wildcard Rule (Allowed),True,wildcard,,,https://www.nordstrom.com/robots.txt,200,
nordstrom.com,OAI-SearchBot,Wildcard Rule (Allowed),True,wildcard,,,https://www.nordstrom.com/robots.txt,200,
nordstrom.com,Claude-SearchBot,Wildcard Rule (Allowed),True,wildcard,,,https://www.nordstrom.com/robots.txt,200,
nordstrom.com,PerplexityBot,Wildcard Rule (Allowed),True,wildcard,,,https://www.nordstrom.com/robots.txt,200,
nordstrom.com,YouBot,Wildcard Rule (Allowed),True,wildcard,,,https://www.nordstrom.com/robots.txt,200,
nordstrom.com,ChatGPT-User,Wildcard Rule (Allowed),True,wildcard,,,https://www.nordstrom.com/robots.txt,200,
nordstrom.com,Claude-User,Wildcard Rule (Allowed),True,wildcard,,,https://www.nordstrom.com/robots.txt,200,
officedepot.com,GPTBot,No Matching Rules (Implicitly Allowed),True,none,,,https://www.officedepot.com/robots.txt,200,
officedepot.com,ClaudeBot,No Matching Rules (Implicitly Allowed),True,none,,,https://www.officedepot.com/robots.txt,200,
officedepot.com,Google-Extended,No Matching Rules (Implicitly Allowed),True,none,,,https://www.officedepot.com/robots.txt,200,
officedepot.com,CCBot,No Matching Rules (Implicitly Allowed),True,none,,,https://www.officedepot.com/robots.txt,200,
officedepot.com,Amazonbot,No Matching Rules (Implicitly Allowed),True,none,,,https://www.officedepot.com/robots.txt,200,
officedepot.com,Applebot-Extended,No Matching Rules (Implicitly Allowed),True,none,,,https://www.officedepot.com/robots.txt,200,
officedepot.com,Bytespider,No Matching Rules (Implicitly Allowed),True,none,,,https://www.officedepot.com/robots.txt,200,
officedepot.com,FacebookBot,No Matching Rules (Implicitly Allowed),True,none,,,https://www.officedepot.com/robots.txt,200,
officedepot.com,meta-externalagent,No Matching Rules (Implicitly Allowed),True,none,,,https://www.officedepot.com/robots.txt,200,
officedepot.com,OAI-SearchBot,No Matching Rules (Implicitly Allowed),True,none,,,https://www.officedepot.com/robots.txt,200,
officedepot.com,Claude-SearchBot,No Matching Rules (Implicitly Allowed),True,none,,,https://www.officedepot.com/robots.txt,200,
officedepot.com,PerplexityBot,No Matching Rules (Implicitly Allowed),True,none,,,https://www.officedepot.com/robots.txt,200,
officedepot.com,YouBot,No Matching Rules (Implicitly Allowed),True,none,,,https://www.officedepot.com/robots.txt,200,
officedepot.com,ChatGPT-User,No Matching Rules (Implicitly Allowed),True,none,,,https://www.officedepot.com/robots.txt,200,
officedepot.com,Claude-User,No Matching Rules (Implicitly Allowed),True,none,,,https://www.officedepot.com/robots.txt,200,
petco.com,GPTBot,No Matching Rules (Implicitly Allowed),True,none,,,https://petco.com/robots.txt,403,
petco.com,ClaudeBot,No Matching Rules (Implicitly Allowed),True,none,,,https://petco.com/robots.txt,403,
petco.com,Google-Extended,No Matching Rules (Implicitly Allowed),True,none,,,https://petco.com/robots.txt,403,
petco.com,CCBot,No Matching Rules (Implicitly Allowed),True,none,,,https://petco.com/robots.txt,403,
petco.com,Amazonbot,No Matching Rules (Implicitly Allowed),True,none,,,https://petco.com/robots.txt,403,
petco.com,Applebot-Extended,No Matching Rules (Implicitly Allowed),True,none,,,https://petco.com/robots.txt,403,
petco.com,Bytespider,No Matching Rules (Implicitly Allowed),True,none,,,https://petco.com/robots.txt,403,
petco.com,FacebookBot,No Matching Rules (Implicitly Allowed),True,none,,,https://petco.com/robots.txt,403,
petco.com,meta-externalagent,No Matching Rules (Implicitly Allowed),True,none,,,https://petco.com/robots.txt,403,
petco.com,OAI-SearchBot,No Matching Rules (Implicitly Allowed),True,none,,,https://petco.com/robots.txt,403,
petco.com,Claude-SearchBot,No Matching Rules (Implicitly Allowed),True,none,,,https://petco.com/robots.txt,403,
petco.com,PerplexityBot,No Matching Rules (Implicitly Allowed),True,none,,,https://petco.com/robots.txt,403,
petco.com,YouBot,No Matching Rules (Implicitly Allowed),True,none,,,https://petco.com/robots.txt,403,
petco.com,ChatGPT-User,No Matching Rules (Implicitly Allowed),True,none,,,https://petco.com/robots.txt,403,
petco.com,Claude-User,No Matching Rules (Implicitly Allowed),True,none,,,https://petco.com/robots.txt,403,
petsmart.com,GPTBot,Wildcard Rule (Allowed),True,wildcard,,,https://www.petsmart.com/robots.txt,200,
petsmart.com,ClaudeBot,Wildcard Rule (Allowed),True,wildcard,,,https://www.petsmart.com/robots.txt,200,
petsmart.com,Google-Extended,Wildcard Rule (Allowed),True,wildcard,,,https://www.petsmart.com/robots.txt,200,
petsmart.com,CCBot,Wildcard Rule (Allowed),True,wildcard,,,https://www.petsmart.com/robots.txt,200,
petsmart.com,Amazonbot,Wildcard Rule (Allowed),True,wildcard,,,https://www.petsmart.com/robots.txt,200,
petsmart.com,Applebot-Extended,Wildcard Rule (Allowed),True,wildcard,,,https://www.petsmart.com/robots.txt,200,
petsmart.com,Bytespider,Wildcard Rule (Allowed),True,wildcard,,,https://www.petsmart.com/robots.txt,200,
petsmart.com,FacebookBot,Wildcard Rule (Allowed),True,wildcard,,,https://www.petsmart.com/robots.txt,200,
petsmart.com,meta-externalagent,Wildcard Rule (Allowed),True,wildcard,,,https://www.petsmart.com/robots.txt,200,
petsmart.com,OAI-SearchBot,Explicitly Allowed,True,explicit,,,https://www.petsmart.com/robots.txt,200,
petsmart.com,Claude-SearchBot,Wildcard Rule (Allowed),True,wildcard,,,https://www.petsmart.com/robots.txt,200,
petsmart.com,PerplexityBot,Explicitly Allowed,True,explicit,,,https://www.petsmart.com/robots.txt,200,
petsmart.com,YouBot,Wildcard Rule (Allowed),True,wildcard,,,https://www.petsmart.com/robots.txt,200,
petsmart.com,ChatGPT-User,Wildcard Rule (Allowed),True,wildcard,,,https://www.petsmart.com/robots.txt,200,
petsmart.com,Claude-User,Wildcard Rule (Allowed),True,wildcard,,,https://www.petsmart.com/robots.txt,200,
pigglywiggly.com,GPTBot,No Matching Rules (Implicitly Allowed),True,none,,,https://pigglywiggly.com/robots.txt,462,
pigglywiggly.com,ClaudeBot,No Matching Rules (Implicitly Allowed),True,none,,,https://pigglywiggly.com/robots.txt,462,
pigglywiggly.com,Google-Extended,No Matching Rules (Implicitly Allowed),True,none,,,https://pigglywiggly.com/robots.txt,462,
pigglywiggly.com,CCBot,No Matching Rules (Implicitly Allowed),True,none,,,https://pigglywiggly.com/robots.txt,462,
pigglywiggly.com,Amazonbot,No Matching Rules (Implicitly Allowed),True,none,,,https://pigglywiggly.com/robots.txt,462,
pigglywiggly.com,Applebot-Extended,No Matching Rules (Implicitly Allowed),True,none,,,https://pigglywiggly.com/robots.txt,462,
pigglywiggly.com,Bytespider,No Matching Rules (Implicitly Allowed),True,none,,,https://pigglywiggly.com/robots.txt,462,
pigglywiggly.com,FacebookBot,No Matching Rules (Implicitly Allowed),True,none,,,https://pigglywiggly.com/robots.txt,462,
pigglywiggly.com,meta-externalagent,No Matching Rules (Implicitly Allowed),True,none,,,https://pigglywiggly.com/robots.txt,462,
pigglywiggly.com,OAI-SearchBot,No Matching Rules (Implicitly Allowed),True,none,,,https://pigglywiggly.com/robots.txt,462,
pigglywiggly.com,Claude-SearchBot,No Matching Rules (Implicitly Allowed),True,none,,,https://pigglywiggly.com/robots.txt,462,
pigglywiggly.com,PerplexityBot,No Matching Rules (Implicitly Allowed),True,none,,,https://pigglywiggly.com/robots.txt,462,
pigglywiggly.com,YouBot,No Matching Rules (Implicitly Allowed),True,none,,,https://pigglywiggly.com/robots.txt,462,
pigglywiggly.com,ChatGPT-User,No Matching Rules (Implicitly Allowed),True,none,,,https://pigglywiggly.com/robots.txt,462,
pigglywiggly.com,Claude-User,No Matching Rules (Implicitly Allowed),True,none,,,https://pigglywiggly.com/robots.txt,462,
pricechopper.com,GPTBot,Wildcard Rule (Allowed),True,wildcard,,,https://pricechopper.com/robots.txt,200,
pricechopper.com,ClaudeBot,Wildcard Rule (Allowed),True,wildcard,,,https://pricechopper.com/robots.txt,200,
pricechopper.com,Google-Extended,Wildcard Rule (Allowed),True,wildcard,,,https://pricechopper.com/robots.txt,200,
pricechopper.com,CCBot,Wildcard Rule (Allowed),True,wildcard,,,https://pricechopper.com/robots.txt,200,
pricechopper.com,Amazonbot,Wildcard Rule (Allowed),True,wildcard,,,https://pricechopper.com/robots.txt,200,
pricechopper.com,Applebot-Extended,Wildcard Rule (Allowed),True,wildcard,,,https://pricechopper.com/robots.txt,200,
pricechopper.com,Bytespider,Wildcard Rule (Allowed),True,wildcard,,,https://pricechopper.com/robots.txt,200,
pricechopper.com,FacebookBot,Wildcard Rule (Allowed),True,wildcard,,,https://pricechopper.com/robots.txt,200,
pricechopper.com,meta-externalagent,Wildcard Rule (Allowed),True,wildcard,,,https://pricechopper.com/robots.txt,200,
pricechopper.com,OAI-SearchBot,Wildcard Rule (Allowed),True,wildcard,,,https://pricechopper.com/robots.txt,200,
pricechopper.com,Claude-SearchBot,Wildcard Rule (Allowed),True,wildcard,,,https://pricechopper.com/robots.txt,200,
pricechopper.com,PerplexityBot,Wildcard Rule (Allowed),True,wildcard,,,https://pricechopper.com/robots.txt,200,
pricechopper.com,YouBot,Wildcard Rule (Allowed),True,wildcard,,,https://pricechopper.com/robots.txt,200,
pricechopper.com,ChatGPT-User,Wildcard Rule (Allowed),True,wildcard,,,https://pricechopper.com/robots.txt,200,
pricechopper.com,Claude-User,Wildcard Rule (Allowed),True,wildcard,,,https://pricechopper.com/robots.txt,200,
saksfifthavenue.com,GPTBot,No Matching Rules (Implicitly Allowed),True,none,,,https://www.saksfifthavenue.com/robots.txt,403,
saksfifthavenue.com,ClaudeBot,No Matching Rules (Implicitly Allowed),True,none,,,https://www.saksfifthavenue.com/robots.txt,403,
saksfifthavenue.com,Google-Extended,No Matching Rules (Implicitly Allowed),True,none,,,https://www.saksfifthavenue.com/robots.txt,403,
saksfifthavenue.com,CCBot,No Matching Rules (Implicitly Allowed),True,none,,,https://www.saksfifthavenue.com/robots.txt,403,
saksfifthavenue.com,Amazonbot,No Matching Rules (Implicitly Allowed),True,none,,,https://www.saksfifthavenue.com/robots.txt,403,
saksfifthavenue.com,Applebot-Extended,No Matching Rules (Implicitly Allowed),True,none,,,https://www.saksfifthavenue.com/robots.txt,403,
saksfifthavenue.com,Bytespider,No Matching Rules (Implicitly Allowed),True,none,,,https://www.saksfifthavenue.com/robots.txt,403,
saksfifthavenue.com,FacebookBot,No Matching Rules (Implicitly Allowed),True,none,,,https://www.saksfifthavenue.com/robots.txt,403,
saksfifthavenue.com,meta-externalagent,No Matching Rules (Implicitly Allowed),True,none,,,https://www.saksfifthavenue.com/robots.txt,403,
saksfifthavenue.com,OAI-SearchBot,No Matching Rules (Implicitly Allowed),True,none,,,https://www.saksfifthavenue.com/robots.txt,403,
saksfifthavenue.com,Claude-SearchBot,No Matching Rules (Implicitly Allowed),True,none,,,https://www.saksfifthavenue.com/robots.txt,403,
saksfifthavenue.com,PerplexityBot,No Matching Rules (Implicitly Allowed),True,none,,,https://www.saksfifthavenue.com/robots.txt,403,
saksfifthavenue.com,YouBot,No Matching Rules (Implicitly Allowed),True,none,,,https://www.saksfifthavenue.com/robots.txt,403,
saksfifthavenue.com,ChatGPT-User,No Matching Rules (Implicitly Allowed),True,none,,,https://www.saksfifthavenue.com/robots.txt,403,
saksfifthavenue.com,Claude-User,No Matching Rules (Implicitly Allowed),True,none,,,https://www.saksfifthavenue.com/robots.txt,403,
samsclub.com,GPTBot,Wildcard Rule (Allowed),True,wildcard,,,https://www.samsclub.com/robots.txt,200,
samsclub.com,ClaudeBot,Wildcard Rule (Allowed),True,wildcard,,,https://www.samsclub.com/robots.txt,200,
samsclub.com,Google-Extended,Wildcard Rule (Allowed),True,wildcard,,,https://www.samsclub.com/robots.txt,200,
samsclub.com,CCBot,Wildcard Rule (Allowed),True,wildcard,,,https://www.samsclub.com/robots.txt,200,
samsclub.com,Amazonbot,Wildcard Rule (Allowed),True,wildcard,,,https://www.samsclub.com/robots.txt,200,
samsclub.com,Applebot-Extended,Wildcard Rule (Allowed),True,wildcard,,,https://www.samsclub.com/robots.txt,200,
samsclub.com,Bytespider,Wildcard Rule (Allowed),True,wildcard,,,https://www.samsclub.com/robots.txt,200,
samsclub.com,FacebookBot,Wildcard Rule (Allowed),True,wildcard,,,https://www.samsclub.com/robots.txt,200,
samsclub.com,meta-externalagent,Wildcard Rule (Allowed),True,wildcard,,,https://www.samsclub.com/robots.txt,200,
samsclub.com,OAI-SearchBot,Wildcard Rule (Allowed),True,wildcard,,,https://www.samsclub.com/robots.txt,200,
samsclub.com,Claude-SearchBot,Wildcard Rule (Allowed),True,wildcard,,,https://www.samsclub.com/robots.txt,200,
samsclub.com,PerplexityBot,Wildcard Rule (Allowed),True,wildcard,,,https://www.samsclub.com/robots.txt,200,
samsclub.com,YouBot,Wildcard Rule (Allowed),True,wildcard,,,https://www.samsclub.com/robots.txt,200,
samsclub.com,ChatGPT-User,Wildcard Rule (Allowed),True,wildcard,,,https://www.samsclub.com/robots.txt,200,
samsclub.com,Claude-User,Wildcard Rule (Allowed),True,wildcard,,,https://www.samsclub.com/robots.txt,200,
sephora.com,GPTBot,No Matching Rules (Implicitly Allowed),True,none,,,https://www.sephora.com/robots.txt,403,
sephora.com,ClaudeBot,No Matching Rules (Implicitly Allowed),True,none,,,https://www.sephora.com/robots.txt,403,
sephora.com,Google-Extended,No Matching Rules (Implicitly Allowed),True,none,,,https://www.sephora.com/robots.txt,403,
sephora.com,CCBot,No Matching Rules (Implicitly Allowed),True,none,,,https://www.sephora.com/robots.txt,403,
sephora.com,Amazonbot,No Matching Rules (Implicitly Allowed),True,none,,,https://www.sephora.com/robots.txt,403,
sephora.com,Applebot-Extended,No Matching Rules (Implicitly Allowed),True,none,,,https://www.sephora.com/robots.txt,403,
sephora.com,Bytespider,No Matching Rules (Implicitly Allowed),True,none,,,https://www.sephora.com/robots.txt,403,
sephora.com,FacebookBot,No Matching Rules (Implicitly Allowed),True,none,,,https://www.sephora.com/robots.txt,403,
sephora.com,meta-externalagent,No Matching Rules (Implicitly Allowed),True,none,,,https://www.sephora.com/robots.txt,403,
sephora.com,OAI-SearchBot,No Matching Rules (Implicitly Allowed),True,none,,,https://www.sephora.com/robots.txt,403,
sephora.com,Claude-SearchBot,No Matching Rules (Implicitly Allowed),True,none,,,https://www.sephora.com/robots.txt,403,
sephora.com,PerplexityBot,No Matching Rules (Implicitly Allowed),True,none,,,https://www.sephora.com/robots.txt,403,
sephora.com,YouBot,No Matching Rules (Implicitly Allowed),True,none,,,https://www.sephora.com/robots.txt,403,
sephora.com,ChatGPT-User,No Matching Rules (Implicitly Allowed),True,none,,,https://www.sephora.com/robots.txt,403,
sephora.com,Claude-User,No Matching Rules (Implicitly Allowed),True,none,,,https://www.sephora.com/robots.txt,403,
shipt.com,GPTBot,No Matching Rules (Implicitly Allowed),True,none,,,https://www.shipt.com/robots.txt,406,
shipt.com,ClaudeBot,No Matching Rules (Implicitly Allowed),True,none,,,https://www.shipt.com/robots.txt,406,
shipt.com,Google-Extended,No Matching Rules (Implicitly Allowed),True,none,,,https://www.shipt.com/robots.txt,406,
shipt.com,CCBot,No Matching Rules (Implicitly Allowed),True,none,,,https://www.shipt.com/robots.txt,406,
shipt.com,Amazonbot,No Matching Rules (Implicitly Allowed),True,none,,,https://www.shipt.com/robots.txt,406,
shipt.com,Applebot-Extended,No Matching Rules (Implicitly Allowed),True,none,,,https://www.shipt.com/robots.txt,406,
shipt.com,Bytespider,No Matching Rules (Implicitly Allowed),True,none,,,https://www.shipt.com/robots.txt,406,
shipt.com,FacebookBot,No Matching Rules (Implicitly Allowed),True,none,,,https://www.shipt.com/robots.txt,406,
shipt.com,meta-externalagent,No Matching Rules (Implicitly Allowed),True,none,,,https://www.shipt.com/robots.txt,406,
shipt.com,OAI-SearchBot,No Matching Rules (Implicitly Allowed),True,none,,,https://www.shipt.com/robots.txt,406,
shipt.com,Claude-SearchBot,No Matching Rules (Implicitly Allowed),True,none,,,https://www.shipt.com/robots.txt,406,
shipt.com,PerplexityBot,No Matching Rules (Implicitly Allowed),True,none,,,https://www.shipt.com/robots.txt,406,
shipt.com,YouBot,No Matching Rules (Implicitly Allowed),True,none,,,https://www.shipt.com/robots.txt,406,
shipt.com,ChatGPT-User,No Matching Rules (Implicitly Allowed),True,none,,,https://www.shipt.com/robots.txt,406,
shipt.com,Claude-User,No Matching Rules (Implicitly Allowed),True,none,,,https://www.shipt.com/robots.txt,406,
smartandfinal.com,GPTBot,No Matching Rules (Implicitly Allowed),True,none,,,https://www.smartandfinal.com:443/robots.txt,403,
smartandfinal.com,ClaudeBot,No Matching Rules (Implicitly Allowed),True,none,,,https://www.smartandfinal.com:443/robots.txt,403,
smartandfinal.com,Google-Extended,No Matching Rules (Implicitly Allowed),True,none,,,https://www.smartandfinal.com:443/robots.txt,403,
smartandfinal.com,CCBot,No Matching Rules (Implicitly Allowed),True,none,,,https://www.smartandfinal.com:443/robots.txt,403,
smartandfinal.com,Amazonbot,No Matching Rules (Implicitly Allowed),True,none,,,https://www.smartandfinal.com:443/robots.txt,403,
smartandfinal.com,Applebot-Extended,No Matching Rules (Implicitly Allowed),True,none,,,https://www.smartandfinal.com:443/robots.txt,403,
smartandfinal.com,Bytespider,No Matching Rules (Implicitly Allowed),True,none,,,https://www.smartandfinal.com:443/robots.txt,403,
smartandfinal.com,FacebookBot,No Matching Rules (Implicitly Allowed),True,none,,,https://www.smartandfinal.com:443/robots.txt,403,
smartandfinal.com,meta-externalagent,No Matching Rules (Implicitly Allowed),True,none,,,https://www.smartandfinal.com:443/robots.txt,403,
smartandfinal.com,OAI-SearchBot,No Matching Rules (Implicitly Allowed),True,none,,,https://www.smartandfinal.com:443/robots.txt,403,
smartandfinal.com,Claude-SearchBot,No Matching Rules (Implicitly Allowed),True,none,,,https://www.smartandfinal.com:443/robots.txt,403,
smartandfinal.com,PerplexityBot,No Matching Rules (Implicitly Allowed),True,none,,,https://www.smartandfinal.com:443/robots.txt,403,
smartandfinal.com,YouBot,No Matching Rules (Implicitly Allowed),True,none,,,https://www.smartandfinal.com:443/robots.txt,403,
smartandfinal.com,ChatGPT-User,No Matching Rules (Implicitly Allowed),True,none,,,https://www.smartandfinal.com:443/robots.txt,403,
smartandfinal.com,Claude-User,No Matching Rules (Implicitly Allowed),True,none,,,https://www.smartandfinal.com:443/robots.txt,403,
staples.com,GPTBot,No Matching Rules (Implicitly Allowed),True,none,,,https://staples.com/robots.txt,403,
staples.com,ClaudeBot,No Matching Rules (Implicitly Allowed),True,none,,,https://staples.com/robots.txt,403,
staples.com,Google-Extended,No Matching Rules (Implicitly Allowed),True,none,,,https://staples.com/robots.txt,403,
staples.com,CCBot,No Matching Rules (Implicitly Allowed),True,none,,,https://staples.com/robots.txt,403,
staples.com,Amazonbot,No Matching Rules (Implicitly Allowed),True,none,,,https://staples.com/robots.txt,403,
staples.com,Applebot-Extended,No Matching Rules (Implicitly Allowed),True,none,,,https://staples.com/robots.txt,403,
staples.com,Bytespider,No Matching Rules (Implicitly Allowed),True,none,,,https://staples.com/robots.txt,403,
staples.com,FacebookBot,No Matching Rules (Implicitly Allowed),True,none,,,https://staples.com/robots.txt,403,
staples.com,meta-externalagent,No Matching Rules (Implicitly Allowed),True,none,,,https://staples.com/robots.txt,403,
staples.com,OAI-SearchBot,No Matching Rules (Implicitly Allowed),True,none,,,https://staples.com/robots.txt,403,
staples.com,Claude-SearchBot,No Matching Rules (Implicitly Allowed),True,none,,,https://staples.com/robots.txt,403,
staples.com,PerplexityBot,No Matching Rules (Implicitly Allowed),True,none,,,https://staples.com/robots.txt,403,
staples.com,YouBot,No Matching Rules (Implicitly Allowed),True,none,,,https://staples.com/robots.txt,403,
staples.com,ChatGPT-User,No Matching Rules (Implicitly Allowed),True,none,,,https://staples.com/robots.txt,403,
staples.com,Claude-User,No Matching Rules (Implicitly Allowed),True,none,,,https://staples.com/robots.txt,403,
stopandshop.com,GPTBot,No Matching Rules (Implicitly Allowed),True,none,,,https://stopandshop.com/robots.txt,403,
stopandshop.com,ClaudeBot,No Matching Rules (Implicitly Allowed),True,none,,,https://stopandshop.com/robots.txt,403,
stopandshop.com,Google-Extended,No Matching Rules (Implicitly Allowed),True,none,,,https://stopandshop.com/robots.txt,403,
stopandshop.com,CCBot,No Matching Rules (Implicitly Allowed),True,none,,,https://stopandshop.com/robots.txt,403,
stopandshop.com,Amazonbot,No Matching Rules (Implicitly Allowed),True,none,,,https://stopandshop.com/robots.txt,403,
stopandshop.com,Applebot-Extended,No Matching Rules (Implicitly Allowed),True,none,,,https://stopandshop.com/robots.txt,403,
stopandshop.com,Bytespider,No Matching Rules (Implicitly Allowed),True,none,,,https://stopandshop.com/robots.txt,403,
stopandshop.com,FacebookBot,No Matching Rules (Implicitly Allowed),True,none,,,https://stopandshop.com/robots.txt,403,
stopandshop.com,meta-externalagent,No Matching Rules (Implicitly Allowed),True,none,,,https://stopandshop.com/robots.txt,403,
stopandshop.com,OAI-SearchBot,No Matching Rules (Implicitly Allowed),True,none,,,https://stopandshop.com/robots.txt,403,
stopandshop.com,Claude-SearchBot,No Matching Rules (Implicitly Allowed),True,none,,,https://stopandshop.com/robots.txt,403,
stopandshop.com,PerplexityBot,No Matching Rules (Implicitly Allowed),True,none,,,https://stopandshop.com/robots.txt,403,
stopandshop.com,YouBot,No Matching Rules (Implicitly Allowed),True,none,,,https://stopandshop.com/robots.txt,403,
stopandshop.com,ChatGPT-User,No Matching Rules (Implicitly Allowed),True,none,,,https://stopandshop.com/robots.txt,403,
stopandshop.com,Claude-User,No Matching Rules (Implicitly Allowed),True,none,,,https://stopandshop.com/robots.txt,403,
target.com,GPTBot,Wildcard Rule (Allowed),True,wildcard,,,https://www.target.com/robots.txt,200,
target.com,ClaudeBot,Wildcard Rule (Allowed),True,wildcard,,,https://www.target.com/robots.txt,200,
target.com,Google-Extended,Wildcard Rule (Allowed),True,wildcard,,,https://www.target.com/robots.txt,200,
target.com,CCBot,Wildcard Rule (Allowed),True,wildcard,,,https://www.target.com/robots.txt,200,
target.com,Amazonbot,Wildcard Rule (Allowed),True,wildcard,,,https://www.target.com/robots.txt,200,
target.com,Applebot-Extended,Wildcard Rule (Allowed),True,wildcard,,,https://www.target.com/robots.txt,200,
target.com,Bytespider,Wildcard Rule (Allowed),True,wildcard,,,https://www.target.com/robots.txt,200,
target.com,FacebookBot,Wildcard Rule (Allowed),True,wildcard,,,https://www.target.com/robots.txt,200,
target.com,meta-externalagent,Wildcard Rule (Allowed),True,wildcard,,,https://www.target.com/robots.txt,200,
target.com,OAI-SearchBot,Wildcard Rule (Allowed),True,wildcard,,,https://www.target.com/robots.txt,200,
target.com,Claude-SearchBot,Wildcard Rule (Allowed),True,wildcard,,,https://www.target.com/robots.txt,200,
target.com,PerplexityBot,Wildcard Rule (Allowed),True,wildcard,,,https://www.target.com/robots.txt,200,
target.com,YouBot,Wildcard Rule (Allowed),True,wildcard,,,https://www.target.com/robots.txt,200,
target.com,ChatGPT-User,Wildcard Rule (Allowed),True,wildcard,,,https://www.target.com/robots.txt,200,
target.com,Claude-User,Wildcard Rule (Allowed),True,wildcard,,,https://www.target.com/robots.txt,200,
ulta.com,GPTBot,Wildcard Rule (Allowed),True,wildcard,,,https://www.ulta.com/robots.txt,200,
ulta.com,ClaudeBot,Wildcard Rule (Allowed),True,wildcard,,,https://www.ulta.com/robots.txt,200,
ulta.com,Google-Extended,Wildcard Rule (Allowed),True,wildcard,,,https://www.ulta.com/robots.txt,200,
ulta.com,CCBot,Wildcard Rule (Allowed),True,wildcard,,,https://www.ulta.com/robots.txt,200,
ulta.com,Amazonbot,Wildcard Rule (Allowed),True,wildcard,,,https://www.ulta.com/robots.txt,200,
ulta.com,Applebot-Extended,Wildcard Rule (Allowed),True,wildcard,,,https://www.ulta.com/robots.txt,200,
ulta.com,Bytespider,Explicitly Allowed,True,explicit,,,https://www.ulta.com/robots.txt,200,
ulta.com,FacebookBot,Wildcard Rule (Allowed),True,wildcard,,,https://www.ulta.com/robots.txt,200,
ulta.com,meta-externalagent,Wildcard Rule (Allowed),True,wildcard,,,https://www.ulta.com/robots.txt,200,
ulta.com,OAI-SearchBot,Wildcard Rule (Allowed),True,wildcard,,,https://www.ulta.com/robots.txt,200,
ulta.com,Claude-SearchBot,Wildcard Rule (Allowed),True,wildcard,,,https://www.ulta.com/robots.txt,200,
ulta.com,PerplexityBot,Wildcard Rule (Allowed),True,wildcard,,,https://www.ulta.com/robots.txt,200,
ulta.com,YouBot,Wildcard Rule (Allowed),True,wildcard,,,https://www.ulta.com/robots.txt,200,
ulta.com,ChatGPT-User,Wildcard Rule (Allowed),True,wildcard,,,https://www.ulta.com/robots.txt,200,
ulta.com,Claude-User,Wildcard Rule (Allowed),True,wildcard,,,https://www.ulta.com/robots.txt,200,
walgreens.com,GPTBot,Wildcard Rule (Allowed),True,wildcard,,,https://www.walgreens.com/robots.txt,200,
walgreens.com,ClaudeBot,Wildcard Rule (Allowed),True,wildcard,,,https://www.walgreens.com/robots.txt,200,
walgreens.com,Google-Extended,Wildcard Rule (Allowed),True,wildcard,,,https://www.walgreens.com/robots.txt,200,
walgreens.com,CCBot,Wildcard Rule (Allowed),True,wildcard,,,https://www.walgreens.com/robots.txt,200,
walgreens.com,Amazonbot,Wildcard Rule (Allowed),True,wildcard,,,https://www.walgreens.com/robots.txt,200,
walgreens.com,Applebot-Extended,Wildcard Rule (Allowed),True,wildcard,,,https://www.walgreens.com/robots.txt,200,
walgreens.com,Bytespider,Wildcard Rule (Allowed),True,wildcard,,,https://www.walgreens.com/robots.txt,200,
walgreens.com,FacebookBot,Wildcard Rule (Allowed),True,wildcard,,,https://www.walgreens.com/robots.txt,200,
walgreens.com,meta-externalagent,Wildcard Rule (Allowed),True,wildcard,,,https://www.walgreens.com/robots.txt,200,
walgreens.com,OAI-SearchBot,Wildcard Rule (Allowed),True,wildcard,,,https://www.walgreens.com/robots.txt,200,
walgreens.com,Claude-SearchBot,Wildcard Rule (Allowed),True,wildcard,,,https://www.walgreens.com/robots.txt,200,
walgreens.com,PerplexityBot,Wildcard Rule (Allowed),True,wildcard,,,https://www.walgreens.com/robots.txt,200,
walgreens.com,YouBot,Wildcard Rule (Allowed),True,wildcard,,,https://www.walgreens.com/robots.txt,200,
walgreens.com,ChatGPT-User,Wildcard Rule (Allowed),True,wildcard,,,https://www.walgreens.com/robots.txt,200,
walgreens.com,Claude-User,Wildcard Rule (Allowed),True,wildcard,,,https://www.walgreens.com/robots.txt,200,
walmart.com,GPTBot,Wildcard Rule (Allowed),True,wildcard,,,https://www.walmart.com/robots.txt,200,
walmart.com,ClaudeBot,Wildcard Rule (Allowed),True,wildcard,,,https://www.walmart.com/robots.txt,200,
walmart.com,Google-Extended,Wildcard Rule (Allowed),True,wildcard,,,https://www.walmart.com/robots.txt,200,
walmart.com,CCBot,Wildcard Rule (Allowed),True,wildcard,,,https://www.walmart.com/robots.txt,200,
walmart.com,Amazonbot,Wildcard Rule (Allowed),True,wildcard,,,https://www.walmart.com/robots.txt,200,
walmart.com,Applebot-Extended,Wildcard Rule (Allowed),True,wildcard,,,https://www.walmart.com/robots.txt,200,
walmart.com,Bytespider,Wildcard Rule (Allowed),True,wildcard,,,https://www.walmart.com/robots.txt,200,
walmart.com,FacebookBot,Wildcard Rule (Allowed),True,wildcard,,,https://www.walmart.com/robots.txt,200,
walmart.com,meta-externalagent,Wildcard Rule (Allowed),True,wildcard,,,https://www.walmart.com/robots.txt,200,
walmart.com,OAI-SearchBot,Wildcard Rule (Allowed),True,wildcard,,,https://www.walmart.com/robots.txt,200,
walmart.com,Claude-SearchBot,Wildcard Rule (Allowed),True,wildcard,,,https://www.walmart.com/robots.txt,200,
walmart.com,PerplexityBot,Wildcard Rule (Allowed),True,wildcard,,,https://www.walmart.com/robots.txt,200,
walmart.com,YouBot,Wildcard Rule (Allowed),True,wildcard,,,https://www.walmart.com/robots.txt,200,
walmart.com,ChatGPT-User,Wildcard Rule (Allowed),True,wildcard,,,https://www.walmart.com/robots.txt,200,
walmart.com,Claude-User,Wildcard Rule (Allowed),True,wildcard,,,https://www.walmart.com/robots.txt,200,
wayfair.com,GPTBot,Wildcard Rule (Allowed),True,wildcard,,,https://www.wayfair.com/robots.txt,200,
wayfair.com,ClaudeBot,Wildcard Rule (Allowed),True,wildcard,,,https://www.wayfair.com/robots.txt,200,
wayfair.com,Google-Extended,Wildcard Rule (Allowed),True,wildcard,,,https://www.wayfair.com/robots.txt,200,
wayfair.com,CCBot,Wildcard Rule (Allowed),True,wildcard,,,https://www.wayfair.com/robots.txt,200,
wayfair.com,Amazonbot,Wildcard Rule (Allowed),True,wildcard,,,https://www.wayfair.com/robots.txt,200,
wayfair.com,Applebot-Extended,Wildcard Rule (Allowed),True,wildcard,,,https://www.wayfair.com/robots.txt,200,
wayfair.com,Bytespider,Wildcard Rule (Allowed),True,wildcard,,,https://www.wayfair.com/robots.txt,200,
wayfair.com,FacebookBot,Wildcard Rule (Allowed),True,wildcard,,,https://www.wayfair.com/robots.txt,200,
wayfair.com,meta-externalagent,Wildcard Rule (Allowed),True,wildcard,,,https://www.wayfair.com/robots.txt,200,
wayfair.com,OAI-SearchBot,Wildcard Rule (Allowed),True,wildcard,,,https://www.wayfair.com/robots.txt,200,
wayfair.com,Claude-SearchBot,Wildcard Rule (Allowed),True,wildcard,,,https://www.wayfair.com/robots.txt,200,
wayfair.com,PerplexityBot,Wildcard Rule (Allowed),True,wildcard,,,https://www.wayfair.com/robots.txt,200,
wayfair.com,YouBot,Wildcard Rule (Allowed),True,wildcard,,,https://www.wayfair.com/robots.txt,200,
wayfair.com,ChatGPT-User,Wildcard Rule (Allowed),True,wildcard,,,https://www.wayfair.com/robots.txt,200,
wayfair.com,Claude-User,Wildcard Rule (Allowed),True,wildcard,,,https://www.wayfair.com/robots.txt,200,
weismarkets.com,GPTBot,No Matching Rules (Implicitly Allowed),True,none,,,https://www.weismarkets.com/robots.txt,403,
weismarkets.com,ClaudeBot,No Matching Rules (Implicitly Allowed),True,none,,,https://www.weismarkets.com/robots.txt,403,
weismarkets.com,Google-Extended,No Matching Rules (Implicitly Allowed),True,none,,,https://www.weismarkets.com/robots.txt,403,
weismarkets.com,CCBot,No Matching Rules (Implicitly Allowed),True,none,,,https://www.weismarkets.com/robots.txt,403,
weismarkets.com,Amazonbot,No Matching Rules (Implicitly Allowed),True,none,,,https://www.weismarkets.com/robots.txt,403,
weismarkets.com,Applebot-Extended,No Matching Rules (Implicitly Allowed),True,none,,,https://www.weismarkets.com/robots.txt,403,
weismarkets.com,Bytespider,No Matching Rules (Implicitly Allowed),True,none,,,https://www.weismarkets.com/robots.txt,403,
weismarkets.com,FacebookBot,No Matching Rules (Implicitly Allowed),True,none,,,https://www.weismarkets.com/robots.txt,403,
weismarkets.com,meta-externalagent,No Matching Rules (Implicitly Allowed),True,none,,,https://www.weismarkets.com/robots.txt,403,
weismarkets.com,OAI-SearchBot,No Matching Rules (Implicitly Allowed),True,none,,,https://www.weismarkets.com/robots.txt,403,
weismarkets.com,Claude-SearchBot,No Matching Rules (Implicitly Allowed),True,none,,,https://www.weismarkets.com/robots.txt,403,
weismarkets.com,PerplexityBot,No Matching Rules (Implicitly Allowed),True,none,,,https://www.weismarkets.com/robots.txt,403,
weismarkets.com,YouBot,No Matching Rules (Implicitly Allowed),True,none,,,https://www.weismarkets.com/robots.txt,403,
weismarkets.com,ChatGPT-User,No Matching Rules (Implicitly Allowed),True,none,,,https://www.weismarkets.com/robots.txt,403,
weismarkets.com,Claude-User,No Matching Rules (Implicitly Allowed),True,none,,,https://www.weismarkets.com/robots.txt,403,
www2.wakefern.com,GPTBot,Wildcard Rule (Allowed),True,wildcard,disallow,,https://www2.wakefern.com/robots.txt,200,
www2.wakefern.com,ClaudeBot,Wildcard Rule (Allowed),True,wildcard,disallow,,https://www2.wakefern.com/robots.txt,200,
www2.wakefern.com,Google-Extended,Wildcard Rule (Allowed),True,wildcard,disallow,,https://www2.wakefern.com/robots.txt,200,
www2.wakefern.com,CCBot,Wildcard Rule (Allowed),True,wildcard,disallow,,https://www2.wakefern.com/robots.txt,200,
www2.wakefern.com,Amazonbot,Wildcard Rule (Allowed),True,wildcard,disallow,,https://www2.wakefern.com/robots.txt,200,
www2.wakefern.com,Applebot-Extended,Wildcard Rule (Allowed),True,wildcard,disallow,,https://www2.wakefern.com/robots.txt,200,
www2.wakefern.com,Bytespider,Wildcard Rule (Allowed),True,wildcard,disallow,,https://www2.wakefern.com/robots.txt,200,
www2.wakefern.com,FacebookBot,Wildcard Rule (Allowed),True,wildcard,disallow,,https://www2.wakefern.com/robots.txt,200,
www2.wakefern.com,meta-externalagent,Wildcard Rule (Allowed),True,wildcard,disallow,,https://www2.wakefern.com/robots.txt,200,
www2.wakefern.com,OAI-SearchBot,Wildcard Rule (Allowed),True,wildcard,disallow,,https://www2.wakefern.com/robots.txt,200,
www2.wakefern.com,Claude-SearchBot,Wildcard Rule (Allowed),True,wildcard,disallow,,https://www2.wakefern.com/robots.txt,200,
www2.wakefern.com,PerplexityBot,Wildcard Rule (Allowed),True,wildcard,disallow,,https://www2.wakefern.com/robots.txt,200,
www2.wakefern.com,YouBot,Wildcard Rule (Allowed),True,wildcard,disallow,,https://www2.wakefern.com/robots.txt,200,
www2.wakefern.com,ChatGPT-User,Wildcard Rule (Allowed),True,wildcard,disallow,,https://www2.wakefern.com/robots.txt,200,
www2.wakefern.com,Claude-User,Wildcard Rule (Allowed),True,wildcard,disallow,,https://www2.wakefern.com/robots.txt,200,
